,url,domain
0,https://www--wellsfargo--com--x849329d48d6c.wsipv6.com/,www--wellsfargo--com--x849329d48d6c.wsipv6.com
1,http://3659002.vip/,3659002.vip
4,http://47.103.128.80:8085/din.php,47.103.128.80
12,https://lcloud-finddevice.live/,lcloud-finddevice.live
13,https://app-uniswap.org-pools-nft-usdcxuni.site/,app-uniswap.org-pools-nft-usdcxuni.site
14,https://ggddy210.godaddysites.com/,ggddy210.godaddysites.com
15,https://www.unicreditpst.r3sellerszz.buzz/,www.unicreditpst.r3sellerszz.buzz
16,https://facebooklogincl.blogspot.com/?m=1,facebooklogincl.blogspot.com
17,https://xemaybaotin.vn/wp-content/uploads/2022/12/update.php,xemaybaotin.vn
18,https://dominionovo23.com/,dominionovo23.com
19,http://www.365666n.cc/,www.365666n.cc
20,http://365089.com/,365089.com
21,http://reurl.cc/55eNav,reurl.cc
22,http://confirm.address-match.workers.dev/,confirm.address-match.workers.dev
23,http://labanque-postale-9e516.web.app/,labanque-postale-9e516.web.app
24,http://motionlessmaturechief.clavedinamic10.repl.co/,motionlessmaturechief.clavedinamic10.repl.co
25,http://104.14.132.210/,104.14.132.210
26,https://outlooksoffices.weebly.com/,outlooksoffices.weebly.com
28,http://u1929948.cp.regruhosting.ru/,u1929948.cp.regruhosting.ru
29,http://bafybeihtrei2lm4ud5ewqd5wbpw6ow42cb2svbho3ry2p4qm3dvr7bjnwy.ipfs.dweb.link/user3.html?vghbjgkfhvfjdkdfuvyfiujnbtmrjkj3eruyfr89ubrnmewjduvy89euihjjrkdiuycdghbjieufyghebnjewducyhbhucdywghbnjfviuyeghbejfiuyvg=,bafybeihtrei2lm4ud5ewqd5wbpw6ow42cb2svbho3ry2p4qm3dvr7bjnwy.ipfs.dweb.link
35,http://appsn21.store.global.prod.fastly.net/all/apps/facebook/,appsn21.store.global.prod.fastly.net
38,https://login-dkb-auth645189206845654521685485success-redirecturl.sauerland-bestattungen.com/dkb/clients/login.php?verification#_,login-dkb-auth645189206845654521685485success-redirecturl.sauerland-bestattungen.com
39,https://bafybeiavx4lrwh74jm7brfo6g7scpagmtaqu5qsrm4yjmr7clyrl4g5h5e.ipfs.dweb.link/UPDATEDonetwo.html,bafybeiavx4lrwh74jm7brfo6g7scpagmtaqu5qsrm4yjmr7clyrl4g5h5e.ipfs.dweb.link
56,https://envistaforensic.org/folks/capital1/login/card.php,envistaforensic.org
58,https://ibank.ziraatbintl.com/,ibank.ziraatbintl.com
59,https://sigmacert.com.tr/,sigmacert.com.tr
60,https://ggdudu.webwave.dev/,ggdudu.webwave.dev
61,http://idlevirtualtelecommunications.pastermil.repl.co/,idlevirtualtelecommunications.pastermil.repl.co
62,http://xlr63308icvne.biz.id/,xlr63308icvne.biz.id
64,https://bafybeibxkagpap6kxaqmiizi7hnsxlbhikaufuzqkorema3rv6lr2hxewi.ipfs.dweb.link/,bafybeibxkagpap6kxaqmiizi7hnsxlbhikaufuzqkorema3rv6lr2hxewi.ipfs.dweb.link
66,http://clonehomenetflix.andribeiro.dev/,clonehomenetflix.andribeiro.dev
68,http://idealo360.com/public/eXBxBuR7XBrQfjH7xKXmudXXpiGUwTn1,idealo360.com
69,http://marksheetccc.ramjiiit.com/wp-admin/redirection/cicprince/66364/,marksheetccc.ramjiiit.com
70,https://httpswww1scotiabankcomuyscotiaenlinea.htmloutl.repl.co/mob/,httpswww1scotiabankcomuyscotiaenlinea.htmloutl.repl.co
71,http://www.nice.com.br/EDD/edd/index2.html,www.nice.com.br
72,http://www.wagihabbas.com/what/loge/main/login.php,www.wagihabbas.com
73,http://royal-flower-0de9.ylr2144t.workers.dev/,royal-flower-0de9.ylr2144t.workers.dev
74,http://ce-synchro8.web.app/,ce-synchro8.web.app
75,http://opensea.io.offer.hidrojetchile.cl/phrs/,opensea.io.offer.hidrojetchile.cl
76,https://staemcommuntyis.ru/,staemcommuntyis.ru
77,https://bafybeie3fosdtd3bn54pc5tntwubfg3f55sffjqqajftp7wiaxerkrrpgm.ipfs.dweb.link/customindex.html,bafybeie3fosdtd3bn54pc5tntwubfg3f55sffjqqajftp7wiaxerkrrpgm.ipfs.dweb.link
78,https://midas-uc.pubgnow.net/,midas-uc.pubgnow.net
79,https://worldexpressdh.blogspot.com/,worldexpressdh.blogspot.com
82,http://roninchat.pages.dev/,roninchat.pages.dev
84,https://dev-in-sperrung-se.pantheonsite.io/de/clients/login.php,dev-in-sperrung-se.pantheonsite.io
85,https://bafybeifenqc5dv5bp3wibnrukqjx334bouavrzelldan26fl6oittcb2aa.ipfs.w3s.link/officeonedrivehtml.html,bafybeifenqc5dv5bp3wibnrukqjx334bouavrzelldan26fl6oittcb2aa.ipfs.w3s.link
90,https://wordpress-105671-0.cloudclusters.net/rmk/57415821762206192/,wordpress-105671-0.cloudclusters.net
92,https://360currentaffairs.com/,360currentaffairs.com
93,https://intothekingdom.com/boa23/SUPPORT/loginweb.php?sslmode=true&access_token=LZvxSMWywIe3pEu3U7P79dgqy1WvNh3fkp4J8LJ1AlZYpWpTTUqDKybWvQiP6mtCwRsOUfEj09fPqNbn,intothekingdom.com
94,https://c6647d15-7330-4aad-9d85-f260e1d3e1f3.id.repl.co/,c6647d15-7330-4aad-9d85-f260e1d3e1f3.id.repl.co
96,http://bukae4.webwave.dev/,bukae4.webwave.dev
97,https://phamarpillscentre.com/boxload/Seleccione_medio_de_pago_codigo.php,phamarpillscentre.com
98,https://citi.com.isotopico.com.pe/,citi.com.isotopico.com.pe
99,http://www.findmykorea.net/indexx.asp,www.findmykorea.net
100,https://swisspassidsbb.cluster1.easy-hebergement.net/inc/,swisspassidsbb.cluster1.easy-hebergement.net
104,http://bafybeihp232f2vnuzqssoa5lkpzpggnl6ewin5cchzuzuljrc3j3pqzqae.ipfs.dweb.link/?filename=mande.html,bafybeihp232f2vnuzqssoa5lkpzpggnl6ewin5cchzuzuljrc3j3pqzqae.ipfs.dweb.link
106,http://www.berviton.com/access/clients/login.php,www.berviton.com
108,https://bafybeickijf6rdoebgytl4cbrlutzee6zfhn2vwxratkha7ycpigb6y6uq.ipfs.dweb.link/UPDATEDwbc2(1).html,bafybeickijf6rdoebgytl4cbrlutzee6zfhn2vwxratkha7ycpigb6y6uq.ipfs.dweb.link
109,http://www.gifted-black.151-80-79-188.plesk.page/,www.gifted-black.151-80-79-188.plesk.page
110,http://brave-hill-048043d10.2.azurestaticapps.net/,brave-hill-048043d10.2.azurestaticapps.net
111,https://pubgbug11.duckdns.org/,pubgbug11.duckdns.org
112,https://platinum.jd5m.in/XerJ_OB?LOB_we=ZH5zjnJqamtfn6-mk55jnWJzdHqUoXxfYaKgmLtqjqxiaWRfZIJwrYw/3mail@b.c&s3=jeanette&s4=sumners,platinum.jd5m.in
113,http://houseofshiatsu.com/wp-admin/includes/pos/colis/post/verification,houseofshiatsu.com
114,https://schwab.bynder.com/login/?redirectToken=CF73BD3F-2E2E-4486-87C7756E1B480BD0,schwab.bynder.com
115,https://amazon-a7.shop/,amazon-a7.shop
116,https://sparkasse.de-id.info/de/start.php,sparkasse.de-id.info
117,https://20223656.com:8989/,20223656.com
118,https://bbvah.com/,bbvah.com
119,https://lapis-silent-icicle.glitch.me/NAAAAFFFFFCCCCCUUUUU.HTML,lapis-silent-icicle.glitch.me
120,https://lcl-fr.com/espace-client/,lcl-fr.com
121,http://paketdienst-zustellung.justns.ru/post/dhl/,paketdienst-zustellung.justns.ru
122,https://hrza59-societegenerale.fr/,hrza59-societegenerale.fr
125,https://www.wordsandwines.se/dhlaustria1/confirm/info/,www.wordsandwines.se
126,https://vz75.lqyr.my.id/,vz75.lqyr.my.id
127,http://www.dolunaytravel.com/wp-includes/js/tinymce/skins/lightgray/lala/en/clients/details.php,www.dolunaytravel.com
130,https://s-push.com/de/home/link-online-banking.php,s-push.com
131,http://host.phdt.lk/pwnkit/MXUPS-experss/CLfinal/UPS/Express-Delivery-ID93982347324000380/Delivery-Package-ID-7725547/,host.phdt.lk
133,https://ratikantd1111.github.io/1/,ratikantd1111.github.io
134,https://objectstorage.sa-saopaulo-1.oraclecloud.com/n/grqr5usdagvd/b/sucket-20230202-0845/o/bog.html,objectstorage.sa-saopaulo-1.oraclecloud.com
136,https://cimian.a2hosted.com/appreservas/index1.php,cimian.a2hosted.com
137,http://0ec2259.wcomhost.com/Labanquepostale/fr/Certicode-Plus/,0ec2259.wcomhost.com
138,https://www.spotify-billing.glw.com.au/,www.spotify-billing.glw.com.au
139,"http://microsoft-azureaccount-usa-brlive-br.clicketcloud.com/microsoftbyliveout05/login.php?micro=04,4,000000,28,Sat,%2004%20Feb%202023%2016:08:16%20+0000,23,16,08,16,2,4.Welcome",microsoft-azureaccount-usa-brlive-br.clicketcloud.com
140,http://spotify-billing.glw.com.au/,spotify-billing.glw.com.au
142,https://ciftcubuk.susoy.com.tr/31.210.86.210/@HMYH/GlobalSources/index2.php?email=,ciftcubuk.susoy.com.tr
143,https://lootcodes.com/steam,lootcodes.com
144,http://notificationservicefrances.web.app/,notificationservicefrances.web.app
145,https://rasta.pages.dev/,rasta.pages.dev
147,https://nownow.pages.dev/,nownow.pages.dev
149,http://black-bread-f7fb.wo-i-owillm.workers.dev/,black-bread-f7fb.wo-i-owillm.workers.dev
150,http://russellbedford.com.kw/SUNCOAST%20CU/suncoastcreditunion.com,russellbedford.com.kw
154,http://mx-5.lu/ebranch/confirm1.php,mx-5.lu
157,http://billowing-lake-c7e9.fk01kibl.workers.dev/,billowing-lake-c7e9.fk01kibl.workers.dev
158,http://gravel-leaf-marquis.glitch.me/laded.html,gravel-leaf-marquis.glitch.me
159,https://gueminilgin-uyt.godaddysites.com/,gueminilgin-uyt.godaddysites.com
161,https://u1926342.plsk.regruhosting.ru/ysoo/PUBG/1492054460/k/index.php,u1926342.plsk.regruhosting.ru
162,http://biblioteca.sicrediprogresso.com.br/,biblioteca.sicrediprogresso.com.br
163,http://dev-pastranbebedortu.pantheonsite.io/confirm.php?regh=3mail@b.c,dev-pastranbebedortu.pantheonsite.io
164,http://btinternet-104247loginformconfirmnotice.square.site/,btinternet-104247loginformconfirmnotice.square.site
165,http://www.safepalwallets.xyz/,www.safepalwallets.xyz
166,http://www.medikalhms.com/myn/vendor/phpunit/phpunit/src/Util/PHP/def/portal/,www.medikalhms.com
167,http://chanpinma.cn/,chanpinma.cn
168,http://mail.alerts-lcloud.com/expire/index2.html,mail.alerts-lcloud.com
170,http://1707ik49rcvryrstrictdpge95473.duckdns.org/,1707ik49rcvryrstrictdpge95473.duckdns.org
171,http://sweetceidrogerbhimlea.tk/,sweetceidrogerbhimlea.tk
173,https://yahoo-102493.weeblysite.com/,yahoo-102493.weeblysite.com
174,https://www.puncaekswap.lat/exchange.html?connect_wallet,www.puncaekswap.lat
177,https://webmail-sfr26.yolasite.com/,webmail-sfr26.yolasite.com
178,http://bafybeihnbtjdqgljhzvkpsm7fjwaqvmxks7sytzbyhwaokgteiirmp7vm4.ipfs.dweb.link/,bafybeihnbtjdqgljhzvkpsm7fjwaqvmxks7sytzbyhwaokgteiirmp7vm4.ipfs.dweb.link
180,http://bafybeigaciymsgapn4avxefv7xg3dmo53uyeckcaxogr3g2onoyqkbbmji.ipfs.dweb.link/,bafybeigaciymsgapn4avxefv7xg3dmo53uyeckcaxogr3g2onoyqkbbmji.ipfs.dweb.link
181,http://bafybeigpcg6szq57bpliyka4uttnttkq3vf53sndkqsehphxu5yni5w7yy.ipfs.dweb.link/,bafybeigpcg6szq57bpliyka4uttnttkq3vf53sndkqsehphxu5yni5w7yy.ipfs.dweb.link
182,https://megaofertasvirtuais.com/589458/422210y/product.php?sku=4430276,megaofertasvirtuais.com
183,https://domini1.com/?gclid=EAIaIQobChMInbzvoZ_8_AIV1sXICh3f7wNBEAAYASA,domini1.com
184,http://bafybeiex2krdmjfunysdyftqdrcwoy6nyuocpebh4iwvtao2ka4sqet6te.ipfs.dweb.link/,bafybeiex2krdmjfunysdyftqdrcwoy6nyuocpebh4iwvtao2ka4sqet6te.ipfs.dweb.link
185,http://cmgbwtwcaksgysmy-dot-grinio-urcha-dirs-maxim.ue.r.appspot.com/,cmgbwtwcaksgysmy-dot-grinio-urcha-dirs-maxim.ue.r.appspot.com
187,http://www.bismarcktransportationservice.com/,www.bismarcktransportationservice.com
188,https://yettyusdusdusd5.godaddysites.com/,yettyusdusdusd5.godaddysites.com
190,http://www.ati3d.fr/modules/blockspecials/translations/fw/portal/clients/login.php?verification,www.ati3d.fr
191,http://bafybeidiyibdv6htdht4ggd73cvxvnjuwqsukc5zsj3o7zdsgi3nlmsl34.ipfs.dweb.link/,bafybeidiyibdv6htdht4ggd73cvxvnjuwqsukc5zsj3o7zdsgi3nlmsl34.ipfs.dweb.link
192,https://archi.tn/post/BIbAZTGkMv4837,archi.tn
193,http://bafybeid3odzyddowvsjyiz7zgoeldemfnbjjd67en2qtcuqxgioqs4xge4.ipfs.dweb.link/,bafybeid3odzyddowvsjyiz7zgoeldemfnbjjd67en2qtcuqxgioqs4xge4.ipfs.dweb.link
194,http://bafybeicm43px6o27r5emoydd7gf3xc6wj6ryisdbezzpglg6mqszrpgswa.ipfs.w3s.link/,bafybeicm43px6o27r5emoydd7gf3xc6wj6ryisdbezzpglg6mqszrpgswa.ipfs.w3s.link
195,http://47.180.136.243/,47.180.136.243
196,http://bafybeiciuhpjz74df42i73p7vfxaqrqc3bjnmlqw7mghzceb5bk3wp6s34.ipfs.dweb.link/,bafybeiciuhpjz74df42i73p7vfxaqrqc3bjnmlqw7mghzceb5bk3wp6s34.ipfs.dweb.link
197,http://bafybeicaff5lywcnn4jmdsinbzurepdfteyepaozngdjedz4hgvbdbszdm.ipfs.dweb.link/,bafybeicaff5lywcnn4jmdsinbzurepdfteyepaozngdjedz4hgvbdbszdm.ipfs.dweb.link
198,http://bafybeic5c7vs2dcy3xlifm7qbu2ayf35p3ucgcqd2qwgy4myffhtjich3i.ipfs.dweb.link/,bafybeic5c7vs2dcy3xlifm7qbu2ayf35p3ucgcqd2qwgy4myffhtjich3i.ipfs.dweb.link
199,http://bafybeibvykfi54ksx44wh223hsjxr5h4rb7u3w5vra6akfqicxz5x24wuu.ipfs.dweb.link/,bafybeibvykfi54ksx44wh223hsjxr5h4rb7u3w5vra6akfqicxz5x24wuu.ipfs.dweb.link
200,http://bafybeibt6wibl22ooenbmhfrioubrlyovfrumluiml7kaebdmroile2pxy.ipfs.dweb.link/,bafybeibt6wibl22ooenbmhfrioubrlyovfrumluiml7kaebdmroile2pxy.ipfs.dweb.link
201,http://drdavidovitz.com/,drdavidovitz.com
202,https://instagram-sk.blogspot.com/,instagram-sk.blogspot.com
205,https://learnenglishwithmarnus.com/CCINFO2/PayPal%20account%20_%20Update%20credit%20card%20and%20billing%20address.html,learnenglishwithmarnus.com
206,http://bafybeiain66v7jkqtjkoankcmpaumxqpdfuhcm4selqd2gk6rnc4riuamy.ipfs.w3s.link/,bafybeiain66v7jkqtjkoankcmpaumxqpdfuhcm4selqd2gk6rnc4riuamy.ipfs.w3s.link
207,http://bafkreihuj4xdqylivfrgfendvjbm6hd3e7indz4rgrc32xwnu2zy5yicvq.ipfs.w3s.link/,bafkreihuj4xdqylivfrgfendvjbm6hd3e7indz4rgrc32xwnu2zy5yicvq.ipfs.w3s.link
208,http://81.68.124.227/din.php,81.68.124.227
209,http://104.196.190.189/din.php,104.196.190.189
210,http://bafkreif3l3rxmeh5hfncthz2kzffzszpwz3eisubyf5u7k3tuiynh4yy2e.ipfs.w3s.link/,bafkreif3l3rxmeh5hfncthz2kzffzszpwz3eisubyf5u7k3tuiynh4yy2e.ipfs.w3s.link
211,https://strato-customerservice-sessionid-eaf6658b45d5b382509aa5a7e5273d.bilderblitz24.de/strato,strato-customerservice-sessionid-eaf6658b45d5b382509aa5a7e5273d.bilderblitz24.de
212,http://bafkreidvk7k6iponsyr7o67ys4yjjep3mhjkbpvwq6ze62hnqz465cbcyi.ipfs.w3s.link/,bafkreidvk7k6iponsyr7o67ys4yjjep3mhjkbpvwq6ze62hnqz465cbcyi.ipfs.w3s.link
213,http://bafkreiehno4e7qml6tlxdivex4x4gianv2akf3eoyghmtzknihu2wstqm4.ipfs.w3s.link/,bafkreiehno4e7qml6tlxdivex4x4gianv2akf3eoyghmtzknihu2wstqm4.ipfs.w3s.link
214,http://bafkreid4f4ax7k4mlmaqc6gxl256bbohhfgmjitzeiox7r6yvtkj4u7e3q.ipfs.w3s.link/,bafkreid4f4ax7k4mlmaqc6gxl256bbohhfgmjitzeiox7r6yvtkj4u7e3q.ipfs.w3s.link
215,https://155.94.197.69/,155.94.197.69
216,http://bafkreiadw5vkr3oh5mharbo4dyorqnjespmyp6yzjvi2bftgniqrxvu7hm.ipfs.w3s.link/,bafkreiadw5vkr3oh5mharbo4dyorqnjespmyp6yzjvi2bftgniqrxvu7hm.ipfs.w3s.link
218,http://signup.breezstrime.com/,signup.breezstrime.com
219,http://azuki-mint-connect.web.app/,azuki-mint-connect.web.app
220,http://lcloud.locato.top/expire/,lcloud.locato.top
221,http://188bet76.com/,188bet76.com
222,http://auutegdgdg65.web.app/,auutegdgdg65.web.app
224,https://jayneanderson.github.io/clone-instagram/,jayneanderson.github.io
225,http://authorise-id-apple.web.app/,authorise-id-apple.web.app
226,https://www.hopestonebd.com/wp-includes/blocks/myeddativate/,www.hopestonebd.com
227,https://navi50.com/?openid.ns=YndZ2ft0xlwHBe5tm9rvYYnow6I6el&openid.mode=OhzeV8j5kXDp1ZHEdrLDYWMR9ODTEb&openid.return_to=u3Ui5xkibovRWwv9u5sJdJdHbIou3l&openid.identity=GJFBz3YvHMJT7n6vMzRAedtmHvr71O&openid.claimed_id=UDxAkns6EhCKcVK8bWR2gCgP4p7Oto,navi50.com
228,https://myvenggerty.ddns.net/authen,myvenggerty.ddns.net
229,http://3656i.vip/,3656i.vip
230,https://meta-business-settings700122.web.app/,meta-business-settings700122.web.app
231,https://seunelvis1.github.io/NetflixClone1.github.io/,seunelvis1.github.io
233,https://836595x.com:8989/,836595x.com
236,https://ldp.page/login-frr,ldp.page
240,https://www.birfa.tech/wp-admin/clientcicsecure/cicprince/27278/Login.html,www.birfa.tech
241,https://documents.uvzcknthvfffqjzakuxgdrnthu.workers.dev/,documents.uvzcknthvfffqjzakuxgdrnthu.workers.dev
243,https://mymailverificationnuytredtyhgfdstyujhgfdfyujhgfdfghghgfdhgf.us-southeast-1.linodeobjects.com/login24.html,mymailverificationnuytredtyhgfdstyujhgfdfyujhgfdfghghgfdhgf.us-southeast-1.linodeobjects.com
244,https://portal.onesupershop.com/resources/6541az0f/JDGm8/ID_a5fedE23CFBA4/?1B4D6A3058AF21BA73D3,portal.onesupershop.com
245,http://www.reactivatevalidqr.live/wallet/connect/phrase.php,www.reactivatevalidqr.live
246,https://steamcomnunnity.com/giftcard/7656116213787,steamcomnunnity.com
247,http://denlzbankcom.tk/,denlzbankcom.tk
250,https://chat-whatsapp2147.resmi.bar/id/,chat-whatsapp2147.resmi.bar
253,http://fast-yoke.surge.sh/,fast-yoke.surge.sh
254,http://5ee11405-7b58-4a3c-bedc-be486a5c5fec.id.repl.co/,5ee11405-7b58-4a3c-bedc-be486a5c5fec.id.repl.co
255,http://dev-1activacionesappbancolombiawps.pantheonsite.io/,dev-1activacionesappbancolombiawps.pantheonsite.io
256,http://365e03.com/,365e03.com
258,https://try-getnow.com/,try-getnow.com
259,http://mydhl-package.roxanaysebastiantango.com/public/VCxMxsqx3Km4nQcq37T0McO5ArgTPfD1/,mydhl-package.roxanaysebastiantango.com
260,http://www.woodandthimble.com/www.labanquepostale.fr/87b4c0155852378/login.php,www.woodandthimble.com
261,https://trustwallet.web9639.web07.bero-webspace.de/,trustwallet.web9639.web07.bero-webspace.de
264,http://www.waterstudy.org/ohio/,www.waterstudy.org
266,http://att-109781.weeblysite.com/,att-109781.weeblysite.com
267,https://sahil-github011.github.io/facebook-signin-signup,sahil-github011.github.io
270,https://barlandas.com/reprisedefunction/unzupdm/,barlandas.com
272,http://freeclubfree727.64-b.it/,freeclubfree727.64-b.it
273,http://3636678.com/,3636678.com
274,https://stearncommunity.su/profiles/76561020926244341,stearncommunity.su
275,http://bafybeibo3x27dd76qehaoawu4rvkulfxpzvkejuez6beq4ophpqcjjeeau.ipfs.dweb.link/,bafybeibo3x27dd76qehaoawu4rvkulfxpzvkejuez6beq4ophpqcjjeeau.ipfs.dweb.link
276,http://www-mailoutlookcontract0com.filesusr.com/html/8c7753_a4196461a35f2315e09c9c0f0b313f4a.html,www-mailoutlookcontract0com.filesusr.com
277,http://quicknbooksservices.com/,quicknbooksservices.com
278,http://att-104845.square.site/,att-104845.square.site
279,https://amoorihesham.github.io/Facebook-log-in---sign-up--Clone/,amoorihesham.github.io
280,http://www.warayana.com.pe/publicaciones/2022/08/17/autonomia-y-tlp-yo-puedo-sola/,www.warayana.com.pe
281,http://resolve-portal-migrate.online/,resolve-portal-migrate.online
282,https://www.daisyfawcettceramics.com/wppp,www.daisyfawcettceramics.com
284,http://www.newboxtreasure.com/,www.newboxtreasure.com
286,http://btconnect-1051093746btconnect.weebly.com/,btconnect-1051093746btconnect.weebly.com
289,http://bafybeid6zncyd4pejdaqyylm2tpew34yelrjbb6ie7opwcfqywybm2j73q.ipfs.dweb.link/,bafybeid6zncyd4pejdaqyylm2tpew34yelrjbb6ie7opwcfqywybm2j73q.ipfs.dweb.link
292,https://chat-whatsapp8984.situsx.icu/id/,chat-whatsapp8984.situsx.icu
293,http://odishapharmacyboard.org/.well-known/73280/Login.html,odishapharmacyboard.org
297,https://ao2nik.webwave.dev/,ao2nik.webwave.dev
298,https://ysbsports.net:8989/,ysbsports.net
303,http://shinetheme.com/demosd/vivavivu/,shinetheme.com
305,http://www.goussaka-space.juukes.com/FirstTech/index.php,www.goussaka-space.juukes.com
306,http://goussaka-space.juukes.com/FirstTech/,goussaka-space.juukes.com
311,https://biopeptid.qmrbioscan.com/ERROR404/sms.php,biopeptid.qmrbioscan.com
315,http://appeal-status-review-100215899.firebaseapp.com/,appeal-status-review-100215899.firebaseapp.com
316,https://www.webfun.website/landingpages/dc2f0020-7f76-41b1-b0a4-29840ef8fc0a/0wrLRh5L2OGs7jrRHkZdpO7g5itC90McRnwd2QiG040,www.webfun.website
317,http://appeal-status-10073846583.web.app/,appeal-status-10073846583.web.app
318,http://appeal-checking-109232.firebaseapp.com/,appeal-checking-109232.firebaseapp.com
319,https://bafybeigzh2n23efuorx4fmqbqa3pqrkzkcmikh55ne7wyehkrwmnfguvru.ipfs.dweb.link/,bafybeigzh2n23efuorx4fmqbqa3pqrkzkcmikh55ne7wyehkrwmnfguvru.ipfs.dweb.link
321,http://www.scivisionpub.com/images/bd.php,www.scivisionpub.com
322,http://www.osun.cz/cache/c/comcast.php,www.osun.cz
324,https://peypal.ca/?i=1,peypal.ca
325,http://www.centraconnect.online/,www.centraconnect.online
326,https://grupwa11185826.sid-id2022.my.id/vhsfhqpdhdsih6,grupwa11185826.sid-id2022.my.id
327,http://usaa-68n9g20v1-markmorrow007.vercel.app/,usaa-68n9g20v1-markmorrow007.vercel.app
330,https://yog15dd.github.io/,yog15dd.github.io
331,https://miycko47.github.io/Netflix/,miycko47.github.io
332,http://bay-kleinanzeigeneilogen.de/,bay-kleinanzeigeneilogen.de
333,http://ancient-wave-738c.8p4uyjee.workers.dev/,ancient-wave-738c.8p4uyjee.workers.dev
334,https://132.145.61.147/,132.145.61.147
335,https://vishnkp.github.io/Webdesign1/,vishnkp.github.io
336,https://www.ingtech.cl/zn/001100110011yahoo.html,www.ingtech.cl
337,http://bafybeihbb34r4dj5exfimbqepi2c55mreogjzmow53qk4yj54aolgepguu.ipfs.dweb.link/index.html,bafybeihbb34r4dj5exfimbqepi2c55mreogjzmow53qk4yj54aolgepguu.ipfs.dweb.link
338,http://www.modcombo.com/spotify-premium.html,www.modcombo.com
339,http://hayleypobar.com.au/wallet-connect/connect/index0f790f790f790f79.html,hayleypobar.com.au
340,https://bafybeigj6djoolqdrrgi7goaa6aulyuhvk47d7abp6gm2a3is3wxqo4ylu.ipfs.dweb.link/index.html,bafybeigj6djoolqdrrgi7goaa6aulyuhvk47d7abp6gm2a3is3wxqo4ylu.ipfs.dweb.link
341,http://servizioportalesecurity.com/,servizioportalesecurity.com
344,https://posta-sk.ltd/order/85921,posta-sk.ltd
345,https://dailyreadinginfo.com/survey/ML/Orange/,dailyreadinginfo.com
346,http://segurancaitauunibanco.azurewebsites.net/,segurancaitauunibanco.azurewebsites.net
347,http://michauxrodiernazloglou.blogspot.com/,michauxrodiernazloglou.blogspot.com
350,https://packagemesne-dlvryme347.crabdance.com/,packagemesne-dlvryme347.crabdance.com
351,http://www.security365docs.com/microsoft/outlook/,www.security365docs.com
352,http://www.tk668.com/,www.tk668.com
353,https://dawq.wlyhxj477.workers.dev/,dawq.wlyhxj477.workers.dev
354,http://wsend.co/,wsend.co
355,https://lmo.buzzoate.com/?username=3mail@b.c,lmo.buzzoate.com
357,http://ilmspace.sa.com/wpadmin,ilmspace.sa.com
359,http://agencesgwn004.firebaseapp.com/,agencesgwn004.firebaseapp.com
362,http://ak3.duckdns.org/securityQ.html,ak3.duckdns.org
363,http://cs88192.tw1.ru/93e6add7638d242/region.php?particulier,cs88192.tw1.ru
364,http://www.token18.app/,www.token18.app
365,https://3659ccc.net/,3659ccc.net
366,http://47.242.238.111/,47.242.238.111
367,http://www.ameli-carte-vitale-miseajour.com/,www.ameli-carte-vitale-miseajour.com
368,http://www.metzhgosk.com/,www.metzhgosk.com
369,https://bloodandraven.my.id/,bloodandraven.my.id
370,https://daotao.diamondacademy.vn/wp-content/uploads/2023/01/update.php,daotao.diamondacademy.vn
371,https://goussaka.space/FirstTech/index.php,goussaka.space
372,http://proud-forest-446f.5lf96lk9.workers.dev/7fcf122b-982f-4a11-92a5-743a65b3b139/,proud-forest-446f.5lf96lk9.workers.dev
373,http://www.officeotani.com/rackspace/,www.officeotani.com
374,http://adobe5-ee498.firebaseapp.com/,adobe5-ee498.firebaseapp.com
375,http://facebook.com.weilerpropertiesllc.com/,facebook.com.weilerpropertiesllc.com
377,https://bancolombia3425.bancolombia3456.repl.co/,bancolombia3425.bancolombia3456.repl.co
378,https://3pimath.org/MyGov/index2.html,3pimath.org
379,http://metemock.com/,metemock.com
380,http://bet596.cc/,bet596.cc
382,http://hyn35028brtgw.biz.id/,hyn35028brtgw.biz.id
383,http://bafybeig2srwp7r6h5g6mfmrq6y7oktwkjhtase6trrafjv4sz2oh2ssjhy.ipfs.dweb.link/?%233mail@b.c,bafybeig2srwp7r6h5g6mfmrq6y7oktwkjhtase6trrafjv4sz2oh2ssjhy.ipfs.dweb.link
385,http://oivac.com/verify/mailin/en.php?.rand=13InboxLight.aspx?n=1774256418&email=Y29jaHJhbi1zZXJyYW5vQGFycm93YXNpYS5jb20=&fid=1&fid=4&rand=13InboxLightaspxn.1774256418,oivac.com
386,http://amarveergroup.com/newmail/deactivation/source/?email=3mail@b.c,amarveergroup.com
387,http://mzone.com.ua/wp-includes/!!,mzone.com.ua
388,http://ronmarksfamilyoffice.com/fd,ronmarksfamilyoffice.com
389,http://servantssavingsouls.com/.fillaccess/letter,servantssavingsouls.com
390,http://unitedclaentrucks.com/new/a/index.html,unitedclaentrucks.com
391,http://gxz84326mroi.biz.id/,gxz84326mroi.biz.id
392,http://verificacion.equipotecnico0.repl.co/,verificacion.equipotecnico0.repl.co
393,http://account-restriction-1000967754.web.app/,account-restriction-1000967754.web.app
394,http://account-under-review-100291.firebaseapp.com/,account-under-review-100291.firebaseapp.com
398,http://a0767039.xsph.ru/POSTALE/files/login/login.php,a0767039.xsph.ru
399,https://bandit-camp.com/giveaway-auth?openid.ns=mkbl5i04http%3A%2F%2Fspecs.openid.net%2Fauth%2F2.0&openid.mode=checkid_setup&openid.return_to=http%3A%2F%2Fautorization.store%2F&openid.realm=djkbmabkhttp%3A%2F%2Fautorization.store&openid.ns.sreg=http%3A%2F%2Fopenid.net%2Fextensions%2Fsreg%2F1.1&openid.claimed_id=8lmd6cmmhttp%3A%2F%2Fspecs.openid.net%2Fauth%2F2.0%2Fidentifier_select&openid.identity=http%3A%2F%2Fspecs.openid.net%2Fauth%2F2.0%2Fidentifier_select,bandit-camp.com
400,https://bt-business-8fe363.webflow.io/,bt-business-8fe363.webflow.io
401,http://wrtyu.nikasr.xyz/,wrtyu.nikasr.xyz
402,https://mltbnk-vorood.net/,mltbnk-vorood.net
404,http://www.urban3d.co/wp-content/lang/,www.urban3d.co
405,https://office365verify.keybase.pub/iverify.html,office365verify.keybase.pub
408,https://www.ak3.duckdns.org/securityQ.html,www.ak3.duckdns.org
409,http://www.etc-co.wnwndmn.anhhexl.cn/jp,www.etc-co.wnwndmn.anhhexl.cn
411,http://www.tinyurl.com/dp8hccbe/,www.tinyurl.com
413,https://crustipfs.art/ipfs/QmSp6phgAsWdCXZceZA7YV3yvpG8cSuaUSBvjC66DyRHiA?filename=jpaul.html,crustipfs.art
414,https://bjemsdxkd.net/,bjemsdxkd.net
416,https://thenaijatimes.com/wp-content/plugins/master/index.php,thenaijatimes.com
417,http://raspy-salad-6f4e.e4gblc4e.workers.dev/a9a90481-1bd7-4d8f-826c-43c5c744d497,raspy-salad-6f4e.e4gblc4e.workers.dev
418,https://www.teamfocus.ng/wp-includes/post/tracking/j0pl1n/details.php,www.teamfocus.ng
423,https://www.in-fo-ato.com/review/otp2.html,www.in-fo-ato.com
429,https://gtdhdytjfy.weeblysite.com/,gtdhdytjfy.weeblysite.com
430,http://www.frissoncourier.com/wp-content/plugins/wpcargo/assets/images/,www.frissoncourier.com
435,http://mygov1alert.servebbs.com/otp2.html,mygov1alert.servebbs.com
436,http://correos-es.firebaseapp.com/,correos-es.firebaseapp.com
437,http://cimogroupbinom.com/,cimogroupbinom.com
438,http://creator.microsoftstart.com/,creator.microsoftstart.com
439,http://rbcroyalbank.saudabile.com.br/,rbcroyalbank.saudabile.com.br
440,http://www.thesolutionsimhs.com/gytcontinental-gtc/,www.thesolutionsimhs.com
441,http://dawn-dot-firm-structure-344407.uk.r.appspot.com/,dawn-dot-firm-structure-344407.uk.r.appspot.com
442,http://nhw3staging.serenitybirthstudio.com/wp-content/themes/Divi/js/it/users/Login.ID-16556/,nhw3staging.serenitybirthstudio.com
443,http://www.zackarym.gq/.well-known/kko/,www.zackarym.gq
445,https://correo.infonatio.com.au/dan/LinkedInhardxxx/900,correo.infonatio.com.au
446,https://maria.susypro.com/,maria.susypro.com
447,https://discordgift.asia/,discordgift.asia
448,http://bell-solution-subscription.com/,bell-solution-subscription.com
449,http://videohot2023.lochlan.cfd/,videohot2023.lochlan.cfd
450,http://auth0sharefid0000000200000ff1ce009id31d2bb9c.auth0rizesharedo.workers.dev/,auth0sharefid0000000200000ff1ce009id31d2bb9c.auth0rizesharedo.workers.dev
451,https://afcu-verify.duckdns.org/scms/index.php,afcu-verify.duckdns.org
452,https://antispam.repeta.com.au/dan/LinkedInhardxxx/900/,antispam.repeta.com.au
453,https://app2.construja.com.br/index.html,app2.construja.com.br
454,http://abr231ng.beget.tech/,abr231ng.beget.tech
455,http://affectionate-shtern.213-32-105-173.plesk.page/credit-agricole/region/b20f51754c67a5b/region.php?lca,affectionate-shtern.213-32-105-173.plesk.page
456,https://wise.nz-login.com/pages,wise.nz-login.com
0,https://dev-5t6y7u8i0.pantheonsite.io/,dev-5t6y7u8i0.pantheonsite.io
2,http://kuantancity.com/SILEXCORP/1-Drive-CEO,kuantancity.com
3,http://38.45.127.68/,38.45.127.68
4,http://gordenasklep.pl/konkurs,gordenasklep.pl
5,http://41.90.248.102:5000/alk.php,41.90.248.102
6,"http://hollyequipment.com.climaterma.cl/?2F/ddavis2/7/20236:50%20PMTuesday,%20February%207,%2020236:50:58%20PMhollyequipment.com2F/?em=3mail@b.c",hollyequipment.com.climaterma.cl
7,"http://hensallglobal.com.climaterma.cl/?2F/RJohnson2/7/20236:45%20PMTuesday,%20February%207,%2020236:45:27%20PMhensallglobal.com2F/?em=3mail@b.c",hensallglobal.com.climaterma.cl
8,http://electroquimico.com/style/cdigi.html,electroquimico.com
12,https://52421398.top/2fac.php,52421398.top
13,http://shafile-upload.duckdns.org/offloe365,shafile-upload.duckdns.org
14,http://www.invertrans10.co/zauth2=r.TD336/officev4,www.invertrans10.co
15,https://acmecomp.com.au/cgi/boa2018/BofA/en/,acmecomp.com.au
16,https://availzipcode-verifytrups.crabdance.com/Find?sslchannel=true&sessionid=VOiztuzWeNbwChLcV9v2CHSs96xmJYbs9cKvOVunehpt2DHahnxbCc3jZPWhFRbIpG1alAu4xefLyL5uUZD1KUQmZESHY38Ih6g5fGEyFz5yn32tsdOubJacJrysfMbOW3,availzipcode-verifytrups.crabdance.com
17,https://lgsfilslacademos.z13.web.core.windows.net/,lgsfilslacademos.z13.web.core.windows.net
18,https://onedlovedoc.fly.dev/,onedlovedoc.fly.dev
19,https://www.suncoast2verifffi2.otzo.com/,www.suncoast2verifffi2.otzo.com
20,http://verify-center30.twilightparadox.com/verify,verify-center30.twilightparadox.com
21,https://attractive-hit-counters.com/,attractive-hit-counters.com
23,http://144.24.170.34.bc.googleusercontent.com/mtb888/,144.24.170.34.bc.googleusercontent.com
25,http://app-haagruth.kglirfzznc-e92497wlp3kr.p.temp-site.link/Policies.html,app-haagruth.kglirfzznc-e92497wlp3kr.p.temp-site.link
26,http://modcraftmc.fr/user/login,modcraftmc.fr
27,http://suncoast2verifffi2.otzo.com/,suncoast2verifffi2.otzo.com
28,http://id115-trackups.servehttp.com/,id115-trackups.servehttp.com
29,http://mail.mobile-legendsgbaegcj.youtube-1988.my.id/vhsfhqpdhdsih6,mail.mobile-legendsgbaegcj.youtube-1988.my.id
30,http://www.mobile-legendspotwzen.youtube-1988.my.id/vhsfhqpdhdsih6,www.mobile-legendspotwzen.youtube-1988.my.id
31,http://mail.fecebook4lw6hhz.youtube-1988.my.id/vhsfhqpdhdsih6/,mail.fecebook4lw6hhz.youtube-1988.my.id
32,http://mobile-legendspotwzen.youtube-1988.my.id/vhsfhqpdhdsih6/,mobile-legendspotwzen.youtube-1988.my.id
35,http://nodegoogle.ga/,nodegoogle.ga
39,http://facebook-help-1010742683251010.web.app/,facebook-help-1010742683251010.web.app
40,https://alamryacity.com/login/scms/,alamryacity.com
42,https://oidc.elogin.web.attlrr.mundoidex.com/myspace.home,oidc.elogin.web.attlrr.mundoidex.com
43,http://ausposte.top/,ausposte.top
44,http://us-ps9.top/,us-ps9.top
45,https://dev-protegerdatoshomeitaupyg.pantheonsite.io/,dev-protegerdatoshomeitaupyg.pantheonsite.io
46,http://webservicedesign.click/,webservicedesign.click
47,http://doe4p.com/,doe4p.com
48,http://justgoholidayz.com/css/fonts/officeflow-index,justgoholidayz.com
49,http://clvdinamicadesbloqueo.bloqprev.repl.co/,clvdinamicadesbloqueo.bloqprev.repl.co
50,http://att-237642381372.weeblysite.com/,att-237642381372.weeblysite.com
53,https://myatt-service-mail-105868.weeblysite.com/,myatt-service-mail-105868.weeblysite.com
55,https://facebook-com-diana482.filesusr.com/html/7be30f_0ba49d7ac36427b74be34536aa50b7a5.html?6433851*QW1hY2FsbGlkenVsNTRAZ21haWwuY29t*https://www_facebook_com/=,facebook-com-diana482.filesusr.com
56,https://bellsouthservice-87542e.webflow.io/,bellsouthservice-87542e.webflow.io
57,http://whattstapp.com/,whattstapp.com
59,http://rt619c.webwave.dev/,rt619c.webwave.dev
61,http://studiorosa.com.au/1/index.php,studiorosa.com.au
62,https://att-user-sign0in-1d-86dca4.netlify.app/,att-user-sign0in-1d-86dca4.netlify.app
65,https://security-manage-activity.com/Login.php,security-manage-activity.com
67,https://multiplexlogic.com/CoxMado/web/login.php?web/cox/SignOn,multiplexlogic.com
69,https://2026bet365m.com/,2026bet365m.com
70,https://sleamcommuniily.ru/,sleamcommuniily.ru
72,https://faceebook.org/,faceebook.org
73,https://visitcitizen.us/,visitcitizen.us
75,http://fuhdere.acmetoy.com/,fuhdere.acmetoy.com
76,"https://centralbbaviso.com/index1.php?23,02,22,pm,000000,18,2023,q,05,",centralbbaviso.com
77,https://mtattplus.weebly.com/,mtattplus.weebly.com
82,http://whatsapas.xyz/,whatsapas.xyz
83,https://openairradio.hu/wp-admin/offfff/Adobe000/index.php,openairradio.hu
85,http://47.96.150.225/alk.php,47.96.150.225
86,http://rbcroyalbank.com.amsarmedical.com/login-service-ui,rbcroyalbank.com.amsarmedical.com
88,http://bafkreibpnb6be6sku4cp6oxqoqtqrmhnpkqviuux3smkvtmnn46ttbr6wy.ipfs.w3s.link/,bafkreibpnb6be6sku4cp6oxqoqtqrmhnpkqviuux3smkvtmnn46ttbr6wy.ipfs.w3s.link
89,https://servicesweb.att.harangbumienergi.co.id/portal/login.html,servicesweb.att.harangbumienergi.co.id
90,https://goo.su/WS1p,goo.su
91,http://52.2.164.140/alk.php,52.2.164.140
92,http://abaft-pond-aftershave.glitch.me/twey.HTM,abaft-pond-aftershave.glitch.me
94,https://snowy-voice-8327.e6hpjy5z.workers.dev/,snowy-voice-8327.e6hpjy5z.workers.dev
95,http://fasterunlocks.com/,fasterunlocks.com
96,http://mud-spectacular-stinger.glitch.me/index.shtml,mud-spectacular-stinger.glitch.me
97,http://www.efelarome.com/ES/LESS9382JS/ESATEESF433BVSEDKA/3428433/,www.efelarome.com
98,https://promouber-br.com/,promouber-br.com
100,http://collabland-validate.web.app/,collabland-validate.web.app
101,https://whatsappweb.net/,whatsappweb.net
103,http://365k81.com/,365k81.com
104,http://hsbc.redivivus.page/,hsbc.redivivus.page
105,http://apple.nikeb13.com/,apple.nikeb13.com
108,http://very1htmfar5.ihostfull.com/,very1htmfar5.ihostfull.com
109,https://mahdban.ir/VerificaIntesaSanPaolo,mahdban.ir
110,https://neutrinocms.com/,neutrinocms.com
111,https://candyandnutshop.com/good/office/ADOBE/,candyandnutshop.com
112,http://www.carte-vitale-commande.info/,www.carte-vitale-commande.info
113,https://mdesbloqvrtual-prcess.com/mua/VALIDATEMAIL/scis/j6UnVHZsitlYrxStPNFUN4TsSjgEJkN7dlDp6FXSjFxO/3D/no-back-button/,mdesbloqvrtual-prcess.com
114,https://allianceinstrumentation.com.sg/spp/8qaixj5ym1o1aya200kkrlwd.php?F8eD30167580001929f80a8e8e8d630fec1257bec31c12c329f80a8e8e8d630fec1257bec31c12c329f80a8e8e8d630fec1257bec31c12c329f80a8e8e8d630fec1257bec31c12c329f80a8e8e8d630fec1257bec31c12c3=&email=,allianceinstrumentation.com.sg
115,https://notifysupporupdatnow.home-webserver.de/M&T,notifysupporupdatnow.home-webserver.de
116,http://myrobofranchise.com/,myrobofranchise.com
117,http://181590935779848.my.id/,181590935779848.my.id
119,https://sebnenm.dyn-ip24.de/verify.html,sebnenm.dyn-ip24.de
120,https://coin-gainers.net/lp/bbva/,coin-gainers.net
121,http://updated.serveuser.com/,updated.serveuser.com
123,http://ce-synchro9.firebaseapp.com/,ce-synchro9.firebaseapp.com
124,https://venda-eletronicos.myshopify.com/,venda-eletronicos.myshopify.com
125,https://atlas-krasnodar.ru/bitrix/admin/payment/aanygo.html,atlas-krasnodar.ru
127,http://mjilqa.com/,mjilqa.com
128,https://hungry-elbakyan.154-56-0-110.plesk.page/rezs,hungry-elbakyan.154-56-0-110.plesk.page
129,https://webphone.cxt.att.disabilitas.id/mylogins.cso.web/login.html,webphone.cxt.att.disabilitas.id
131,http://coatshomes.bill.microsoft.passwordupdate.casadejesusresort.com/Coatshomes/3mail@b.c,coatshomes.bill.microsoft.passwordupdate.casadejesusresort.com
132,https://uspservice.lol/,uspservice.lol
134,https://ks2v8n.webwave.dev/,ks2v8n.webwave.dev
135,https://objectstorage.us-phoenix-1.oraclecloud.com/n/axc6aboeh1v1/b/fhhfhdshjdkz37338/o/microsoftonline.htm,objectstorage.us-phoenix-1.oraclecloud.com
136,http://3656vvv.com/,3656vvv.com
137,https://drinkmeiers.com/rem/,drinkmeiers.com
138,http://accessprojectfile.zapto.org/,accessprojectfile.zapto.org
139,https://sparkasse-de.finanzen.to/,sparkasse-de.finanzen.to
140,https://www.resilientmindsetcollective.com/edd/index2.html,www.resilientmindsetcollective.com
141,https://sobermind.org/wp-admin/secure/americanfirst/,sobermind.org
142,https://steanncomminuty.ru/profile/76511913636227838256,steanncomminuty.ru
143,https://the-fed.info/news/uit/6453fde/Login.php,the-fed.info
144,http://jpmc-unification-uat.eventfarm.com/,jpmc-unification-uat.eventfarm.com
145,https://ollex-dopstawa.online/paragon/0677414,ollex-dopstawa.online
146,http://x04320.com/,x04320.com
147,http://att-109253-101109.weeblysite.com/,att-109253-101109.weeblysite.com
148,http://verifyatt209.weeblysite.com/,verifyatt209.weeblysite.com
149,https://myatt-team-101632.weeblysite.com/,myatt-team-101632.weeblysite.com
151,https://linktr.ee/attusers,linktr.ee
153,https://et9g30.webwave.dev/,et9g30.webwave.dev
155,https://deboramuro.github.io/proj.facebook/,deboramuro.github.io
159,http://www.folifort.email/l/lt1M11336E80K/5317D9209QP12065SP238A438945H3240763406,www.folifort.email
160,https://post.deliverycl.pw/?lang=de&product=55735889,post.deliverycl.pw
163,https://navarasam.edu.in/navarasam/am/ofamerica/Home/qes.php?cmd=_account-details&session=ef7aeb7ea9e16e7f5f3c27d070336d34&dispatch=4fbc9290a78f432a3c2432ae593a1ceb583a7da5,navarasam.edu.in
165,http://usa-robinhoodlogin.mystrikingly.com/,usa-robinhoodlogin.mystrikingly.com
166,https://cvxtzerntl.com/login,cvxtzerntl.com
169,https://gorvod.ru/bitrix/admin/mobile/upas/,gorvod.ru
170,https://login.confirmation-ourtime.workers.dev/,login.confirmation-ourtime.workers.dev
171,https://www.livraison-colis-dhl.com/,www.livraison-colis-dhl.com
172,https://hojeediadesaldaredesolaiama.xyz/,hojeediadesaldaredesolaiama.xyz
173,https://www.unifin.al/verif/,www.unifin.al
174,https://valetclub.ma/wp-includes/ID3/module/,valetclub.ma
175,https://chat-whatsapp4301.xxxxx.icu/id/,chat-whatsapp4301.xxxxx.icu
176,http://avouchsync.com/en,avouchsync.com
177,http://diamria.best/v2/index.html,diamria.best
178,https://login.sz-fsg.com/RDkYnhhk,login.sz-fsg.com
179,http://595221.selcdn.ru/share-sharing-point12345/index3.html?email=*,595221.selcdn.ru
180,https://agenciacontrold.com.br/a/faxfiles/faxfiless/index.php,agenciacontrold.com.br
181,https://btconnect-459014.webflow.io/,btconnect-459014.webflow.io
182,http://servicosdigtal.info/banco.bradesco/html/classic/,servicosdigtal.info
183,http://3659xx.cc/,3659xx.cc
184,https://www.intesa.filialeweb.com/,www.intesa.filialeweb.com
185,https://ghasv.tautan-postingan-fdf.com/,ghasv.tautan-postingan-fdf.com
186,https://sinumolmonachan21.github.io/website-public/,sinumolmonachan21.github.io
188,https://tiki-trade.ro/@@/GlobalSources/index2.php?email=,tiki-trade.ro
189,https://chat-whatsapp9688.ckmts.icu/id/,chat-whatsapp9688.ckmts.icu
190,https://244efef8-8f8c-4122-983b-2a2a28582980.id.repl.co/,244efef8-8f8c-4122-983b-2a2a28582980.id.repl.co
191,https://union4lioc32--union4unitepl4.repl.co/,union4lioc32--union4unitepl4.repl.co
194,http://glitchedstudios.com/index.html,glitchedstudios.com
195,https://hidden-feather-106f.26w84gay.workers.dev/f538db4d-ab05-43ec-a97f-953bb6aed475,hidden-feather-106f.26w84gay.workers.dev
196,https://ramankumarynr.com/wp-admin/images/png/jpg/images,ramankumarynr.com
197,https://mistyroselegaltranslation.daiuf879.repl.co/,mistyroselegaltranslation.daiuf879.repl.co
200,https://www.apps-icloud.shop/expire/index2.html,www.apps-icloud.shop
201,https://www.sesionicloud.online/expire/index2.html,www.sesionicloud.online
202,https://get-royalepass.4ofc.com/,get-royalepass.4ofc.com
203,https://ticcompliance.com/filelist.xml/,ticcompliance.com
204,http://intesa.filialeweb.com/,intesa.filialeweb.com
206,https://57f58889-4832-48d8-a4fb-79cb47d555cb.id.repl.co/,57f58889-4832-48d8-a4fb-79cb47d555cb.id.repl.co
207,https://unitwu-edu.us/validate/09876543456/1234567877tfg,unitwu-edu.us
208,https://ranchomissionviejodentist.com/wp-content/themes/rshMicro365/officeonline/cgi-bin1/,ranchomissionviejodentist.com
210,https://ibl2braedesco.online/,ibl2braedesco.online
211,https://4567898765--45678987654.repl.co/,4567898765--45678987654.repl.co
212,https://562b58a9-dbb4-4ff8-89d2-38554c5f3464.id.repl.co/,562b58a9-dbb4-4ff8-89d2-38554c5f3464.id.repl.co
213,https://faithfully.live/,faithfully.live
214,https://4567898765.45678987654.repl.co/,4567898765.45678987654.repl.co
215,https://bendinkgo-bnk.com/,bendinkgo-bnk.com
216,http://theolivebranchgreekfoodtrucklnc.life/amazon/,theolivebranchgreekfoodtrucklnc.life
217,https://union4lioc32.union4unitepl4.repl.co/,union4lioc32.union4unitepl4.repl.co
220,http://www.accessmail.click/,www.accessmail.click
222,https://www.latam-i.cloud/expire/index2.html,www.latam-i.cloud
223,https://sylviagindy.com/wp-admin/cn/LiinkedInhardest/900/index.php,sylviagindy.com
224,https://infinitebarber.com/filelist.xml/,infinitebarber.com
225,https://thebiggivechallenge.info/wp-includes/api_rest/LiinkedInhardest/900/,thebiggivechallenge.info
226,http://app-accepsdata1212reporteds.lztbaounhi-dv13xkjj14gq.p.temp-site.link/termsofservice.html,app-accepsdata1212reporteds.lztbaounhi-dv13xkjj14gq.p.temp-site.link
227,http://efeirvul.com.tr/wp-content/plugins/gfbqlae/Link/LiinkedInhardest/900/,efeirvul.com.tr
228,https://netxx7.godaddysites.com/,netxx7.godaddysites.com
229,https://hostraz.com/WA3900/LiinkedInhardest/900/,hostraz.com
230,https://1--union1.repl.co/,1--union1.repl.co
231,https://1.union1.repl.co/,1.union1.repl.co
233,https://nchu-onedrive.ppyicu.workers.dev/,nchu-onedrive.ppyicu.workers.dev
234,https://tinyurl.com/3v9m5wbr,tinyurl.com
235,https://e0vr53.webwave.dev/,e0vr53.webwave.dev
236,http://MoralBestPlan--yosh89.repl.co/,moralbestplan--yosh89.repl.co
237,https://kwaapons.com/Remittance/OneDriveLog.html,kwaapons.com
238,http://pulsapaypal.co.id/,pulsapaypal.co.id
240,https://dowozy24.cloud/JZtCaEl3BT88DB3/0RiYy3,dowozy24.cloud
241,http://MoralBestPlan.yosh89.repl.co/,moralbestplan.yosh89.repl.co
242,http://youssoeirure02.click/,youssoeirure02.click
243,http://xmartind.com/,xmartind.com
244,https://ebay-de.access-safe.org/getpayment/206086215,ebay-de.access-safe.org
245,http://www.solutionsplayer.pk/ey/amelon/,www.solutionsplayer.pk
246,https://vesacjoier01.click/,vesacjoier01.click
247,https://citizensbankpaymentverify.authorizeddns.net/citizens%20page/,citizensbankpaymentverify.authorizeddns.net
248,https://stage.b2connect.store:443/sog/419f3ff83dcc6eadbae05dee745d1deb1efa5e05a5e761a32d2f511c8e70807719d766dbeaa11d425f3b9da4c4a1aa00/,stage.b2connect.store
249,http://www.iberoluso.com/rd.php,www.iberoluso.com
251,https://nowgeta.com/more/28078/,nowgeta.com
252,http://www.gofivestarholiday.com/ADHL/GlobalSources/,www.gofivestarholiday.com
253,https://dev-banckunions.pantheonsite.io/,dev-banckunions.pantheonsite.io
254,http://www.ticcompliance.com/filelist.xml,www.ticcompliance.com
255,https://facebook-help-800852467291808.firebaseapp.com/,facebook-help-800852467291808.firebaseapp.com
259,http://officeimprovement.duckdns.org/,officeimprovement.duckdns.org
260,http://purple-rice-3448.k5tenuom.workers.dev/,purple-rice-3448.k5tenuom.workers.dev
261,http://pizzayolo.co/,pizzayolo.co
262,http://www.infinitebarber.com/filelist.xml,www.infinitebarber.com
263,http://bet04322.com/,bet04322.com
264,https://fincenpayment.xyz/,fincenpayment.xyz
265,http://exelonemergencyplan.info/our-building/project,exelonemergencyplan.info
266,https://relevantventures.co.uk/hh,relevantventures.co.uk
267,http://www.eportal-umfelden-at.online/ob/,www.eportal-umfelden-at.online
268,http://www.210502.com/,www.210502.com
269,http://www.mydrbi.com/reativ/admin/certicodeplus/dsp2/login/login.php,www.mydrbi.com
271,http://amcgardiennage.com/P2w9ZSZpPTJuOWE1ZDNtOVk3QQ==,amcgardiennage.com
272,http://bafybeifzklzyt6tqukn7j4l5g4vies43iq2ovjg4b5akqa6xq53y4ilhaq.ipfs.dweb.link/,bafybeifzklzyt6tqukn7j4l5g4vies43iq2ovjg4b5akqa6xq53y4ilhaq.ipfs.dweb.link
273,https://mail.verifyyahoomail.com/login.php?https://login.yahoo.com/?.src=ym&.intl=us&.lang=en-US,mail.verifyyahoomail.com
274,https://tripsapata.com/,tripsapata.com
275,https://www.mail.verifyyahoomail.com/login.php?https://login.yahoo.com/?.src=ym&.intl=us&.lang=en-US,www.mail.verifyyahoomail.com
276,http://bafybeihqusaxsflwec4d4sjzlac76lpf3nybuywyssaogbsiebmegv4xjq.ipfs.dweb.link/,bafybeihqusaxsflwec4d4sjzlac76lpf3nybuywyssaogbsiebmegv4xjq.ipfs.dweb.link
280,http://c1931661.ferozo.com/recallver/Documento.php,c1931661.ferozo.com
281,http://143.198.227.120/alk.php,143.198.227.120
282,http://zimbfav.x24hr.com/,zimbfav.x24hr.com
283,https://epicfailclub.com/advope/,epicfailclub.com
284,https://colorful-subdued-pelican.glitch.me/atarexyz.html,colorful-subdued-pelican.glitch.me
285,http://www.bet04321.com/,www.bet04321.com
286,http://www.bet988.net/,www.bet988.net
288,http://154.92.23.150/,154.92.23.150
291,https://britishclub.sunsys.co.in/lovrtds/en.php?rand=13InboxLightaspxn.1774256418&fid.4.1252899642&fid=1&fav.1&rand.13InboxLight.aspxn.1774256418&fid.1252899642&fid.1&fav.1&email=aGF6ZWwyLmZlbmdALioqLmNvbQ==&.rand=13InboxLight.aspx?n=1774256418&fid=4,britishclub.sunsys.co.in
292,http://redeliverupspackage.sytes.net/Find?sslchannel=true&sessionid=ECFgy8WwluBqZ1sWLtm9WGIIgRCMCPtGqLFjMYS6sL7c2WoFN5oWvMWDkH5wv9ro222P5fc9aJOeby2Q9g0wuAVaANxp0fbGwF2vB4ayLQXQ4mGqTNTvvfhIeeemy0MTc5,redeliverupspackage.sytes.net
293,http://bafybeibpobya2xuyf65uzlcfceot3iydsykulwwskbcwe6io7wlibuybdi.ipfs.dweb.link/,bafybeibpobya2xuyf65uzlcfceot3iydsykulwwskbcwe6io7wlibuybdi.ipfs.dweb.link
294,https://dhl-hk.com/form/tracking/,dhl-hk.com
295,http://bafybeiafaiqfbujyfee64gwi4r67bbdybeobqkut2gyaqxjuzvn3exxaim.ipfs.dweb.link/,bafybeiafaiqfbujyfee64gwi4r67bbdybeobqkut2gyaqxjuzvn3exxaim.ipfs.dweb.link
296,https://www.managerinvoice.com/,www.managerinvoice.com
297,http://sicurezza.185-66-91-251.cprapid.com/bancasella/,sicurezza.185-66-91-251.cprapid.com
298,https://f004.backblazeb2.com/file/b2-share-4fce7c4085fe/667f2c53/onedrive.html,f004.backblazeb2.com
302,https://redirectioncjv.web.app/,redirectioncjv.web.app
305,http://www.icloud-find-phone.info/Hyf/,www.icloud-find-phone.info
307,http://upholdloginus.iwopop.com/,upholdloginus.iwopop.com
308,http://murielzw.beget.tech/,murielzw.beget.tech
309,https://tier1college.com/wp-content/themes/rshMicro365/officeonline/cgi-bin1/,tier1college.com
310,https://38.45.124.221/,38.45.124.221
311,http://dkb-net.com/,dkb-net.com
312,https://signreporteds.start.page/,signreporteds.start.page
315,http://psanda.co.za/,psanda.co.za
316,http://icloud.support-nc.us/,icloud.support-nc.us
317,http://u1933770.cp.regruhosting.ru/sucarsal/,u1933770.cp.regruhosting.ru
318,http://www.onx.la/0038e/,www.onx.la
320,https://pre.podlink.to/iwJy0d3g7GOHNkPIPg0d3gYP7GOHNkPIPg,pre.podlink.to
321,https://at1ne1tnetatt.weebly.com/,at1ne1tnetatt.weebly.com
322,https://livepagebpritalia.com/,livepagebpritalia.com
323,http://bafybeihjipjqk24ggubvca37gnoebokaqltad3gdweuh3y67kn5tt2wcay.ipfs.dweb.link/,bafybeihjipjqk24ggubvca37gnoebokaqltad3gdweuh3y67kn5tt2wcay.ipfs.dweb.link
324,https://steamcommunily.com.ru/,steamcommunily.com.ru
325,https://bobbydspizza.net/Wavexx,bobbydspizza.net
326,https://violate-pgs1324accts.start.page/,violate-pgs1324accts.start.page
327,http://www.grandcitypalacehotel.com/components/nsjdjd/FEDEX/,www.grandcitypalacehotel.com
332,http://bancaonline0703.webcindario.com/token3.php,bancaonline0703.webcindario.com
336,https://tostudydrycleaning.ru/wp-admin/js/farbtastic_js/jsp/que.php,tostudydrycleaning.ru
337,https://www.agrofrut.com.mx/za/,www.agrofrut.com.mx
338,https://banreserv.dicrin.repl.co/,banreserv.dicrin.repl.co
339,http://www.u1929832.cp.regruhosting.ru/,www.u1929832.cp.regruhosting.ru
341,http://www.login.microsoftonline.quarksseg.com/,www.login.microsoftonline.quarksseg.com
342,http://inspirationalatmospheres.com/webmail-login/index.html,inspirationalatmospheres.com
343,https://o.bancol0bia121.repl.co/,o.bancol0bia121.repl.co
344,http://bdsardegna-allert.info/,bdsardegna-allert.info
345,https://attcurrentlyyahoo78.boxmode.io/,attcurrentlyyahoo78.boxmode.io
346,https://friseis.tk/,friseis.tk
348,https://shephysiotherapy.com.au/Citrix/,shephysiotherapy.com.au
349,https://bafybeifpqv7ffzgnkrwiwiz2irsysaf2qfka3lowoj5254cw23c3a2fd4u.ipfs.dweb.link/?filename=wellsfargo.html,bafybeifpqv7ffzgnkrwiwiz2irsysaf2qfka3lowoj5254cw23c3a2fd4u.ipfs.dweb.link
352,https://authe-citznreply.redirectme.net/citzn/card.html,authe-citznreply.redirectme.net
353,https://fermalife.com/wp-admin/maint/panel/Re613351436/Waiting.php,fermalife.com
355,http://www.agneebakers.com/assets_admin/plugins/jvectormap/USP/,www.agneebakers.com
358,https://canjare.com/setup/74979/,canjare.com
360,http://www.4x4accessoriesbloemfontein.co.za/wp-plugins/,www.4x4accessoriesbloemfontein.co.za
362,http://sbc-105077-102813.square.site/,sbc-105077-102813.square.site
364,https://att-broadbandservice.weeblysite.com/,att-broadbandservice.weeblysite.com
365,http://inst-news.com/acesso.php,inst-news.com
367,https://guiatoplevel.com/webb/upgrade%20converted/index2.php?email=,guiatoplevel.com
368,https://attlogin18.weeblysite.com/,attlogin18.weeblysite.com
372,https://dev-usyxopyv.pantheonsite.io/,dev-usyxopyv.pantheonsite.io
374,https://dev-seguridadenlinea-itau-py.pantheonsite.io/,dev-seguridadenlinea-itau-py.pantheonsite.io
375,https://faturahiper.digital/consultar.php,faturahiper.digital
376,http://3656aa.net/,3656aa.net
377,http://wxsohu.com/08,wxsohu.com
378,https://my-business-108423.square.site/,my-business-108423.square.site
379,http://camperpuro.com/login.gmx.net/apps/CustomerService/indexx.htm,camperpuro.com
380,http://mail-104863.weeblysite.com/,mail-104863.weeblysite.com
383,http://docufile-rgga.duckdns.org/,docufile-rgga.duckdns.org
384,https://consultandosem-sairdecasa-fevereiro.com/luiza/?userID=13&uri=A,consultandosem-sairdecasa-fevereiro.com
385,https://phphphrackspacecomphphphp.weebly.com/,phphphrackspacecomphphphp.weebly.com
386,https://fichiergouvremboursement.perawatanlukakediri.com/juniaimpots/nopanel/clients/sms.php,fichiergouvremboursement.perawatanlukakediri.com
387,http://s.micaseuocl-jp.icu/,s.micaseuocl-jp.icu
388,http://5fggffg4g4gf4g.blogspot.com/?m=1,5fggffg4g4gf4g.blogspot.com
390,http://restricted-page-174211.web.app/,restricted-page-174211.web.app
392,http://trustweta.com/,trustweta.com
393,https://youthful-margulis.47-87-241-102.plesk.page/TYHG/SEFY/KJHG/,youthful-margulis.47-87-241-102.plesk.page
394,http://216.172.187.13/home.php,216.172.187.13
395,https://rimuoviapp-manualmente.com/,rimuoviapp-manualmente.com
397,https://bleakadeptfact-bcp--monicacastro1.repl.co/,bleakadeptfact-bcp--monicacastro1.repl.co
398,https://quickprotocol.surge.sh/,quickprotocol.surge.sh
399,https://bleakadeptfact-bcp.monicacastro1.repl.co/,bleakadeptfact-bcp.monicacastro1.repl.co
404,https://www.idgov.site/secure/otp.php?Key=164.92.212.136=4cf35f50b7d46c5a26149e7c9aa18aa44cf35f50b7d46c5a26149e7c9aa18aa44cf35f50b7d46c5a26149e7c9aa18aa44cf35f50b7d46c5a26149e7c9aa18aa4164.92.212.136,www.idgov.site
407,http://www.nexkraft.com/vendor/myclabs/deep-copy/src/paypackage/HKanhd595aNhjd/20232723-50TW41861547UID_25012021-TW-id_url.html=db1a32bf2bd2ebc92e2b15ac85a6572c96/SSLAuthUI.html,www.nexkraft.com
408,https://eglftdls-sub.com/nltro,eglftdls-sub.com
410,http://www.mmtoken.win/,www.mmtoken.win
411,http://golfballsonline.com/assets/language/c_ontact__us.html,golfballsonline.com
415,http://ngfinder.com.ar/fonts/herdposrt/postbanknew/postbanknew/4mtllngy=/,ngfinder.com.ar
416,http://pancakeswap-adminpanel-1.shop/?shiny=,pancakeswap-adminpanel-1.shop
417,https://georgebond.net/payoff/index.php,georgebond.net
418,http://correu.thewealthyplace.org/204.11.58.229/gov/my.gov.au/index2.html,correu.thewealthyplace.org
419,https://benigo-oniine.com/pages,benigo-oniine.com
420,http://akaidekatilimsubat2023.com/Login/index.php?lang=en,akaidekatilimsubat2023.com
421,https://www.teiefonica.com/api/telefonica/login?cmp=16d5ab2370c9ac100aa018a6dec4f90d&id=bdcf56fea517d2c45676f4a8ad18f3df,www.teiefonica.com
426,https://url-ato.com/Review/otp2.html,url-ato.com
427,https://strange-mendel.109-71-253-24.plesk.page/,strange-mendel.109-71-253-24.plesk.page
428,https://packages-us.builderallwppro.com/,packages-us.builderallwppro.com
430,https://myatogov.z8.web.core.windows.net/,myatogov.z8.web.core.windows.net
431,http://demolt.netactica.net/,demolt.netactica.net
432,https://mobilelegends-free-skin5884.xxxxx.icu/id/,mobilelegends-free-skin5884.xxxxx.icu
433,http://usaa-authenticate.com/login/wb/login.php?online_id=e8dd807a47e823458d6545176login_id=d27094ce37950169ae3168249594f753d27094ce37950169ae3168249594f753&session=d27094ce37950169ae3168249594f753d27094ce37950169ae3168249594f753,usaa-authenticate.com
434,https://anna471361.wixsite.com/yoooo,anna471361.wixsite.com
435,https://attactiivatii.weebly.com/,attactiivatii.weebly.com
436,http://www.maintia.com/post/BIbAZTGkMv4516/,www.maintia.com
438,https://mgconstructioncorp.com/,mgconstructioncorp.com
439,https://www.deutschepost.de.lpvh.cl/,www.deutschepost.de.lpvh.cl
440,http://instagram.shareproductshop.com/,instagram.shareproductshop.com
442,https://sh4235204.c.had.su/agricolenouvelleAPP-Nous2022/Client/dep.html,sh4235204.c.had.su
443,http://www.auth-addr.com/report/,www.auth-addr.com
444,http://212.104.43.201/errors/53/ndex.php/''''''''http:/212.104.43.201/errors/53/Fifth%20Third%20Banking%20Login%20_%20Fifth%20Third%20Bank_files/Fifth%20Third%20Banking%20Login%20_%20Fifth%20Third%20Bank_files/Fifth%20Third%20Banking%20Login%20_%20Fifth%20Third%20Bank_files/Fifth%20Third%20Banking%20Login%20_%20Fifth%20Third%20Bank_files/f(10).txt,212.104.43.201
445,https://officehouseolomouc.eu/swiss/Swiss/swiss_de/manage/,officehouseolomouc.eu
446,http://destinodesarrollos.com/alk.php,destinodesarrollos.com
447,http://ind.millemniumbcp-pt.com/_layouts/bcp.sdc.fep.foundation.presentation/login,ind.millemniumbcp-pt.com
448,http://vryb7suncost.zzux.com/,vryb7suncost.zzux.com
449,http://premium180.web-hosting.com/~bluevznb/wp-setting.php?url=L2ZyZWVmaXJlc2tpbnYxLz9pPUc2NVcy,premium180.web-hosting.com
450,http://dlscorldsnew.com/ais,dlscorldsnew.com
451,https://xjzccx.com.cn/,xjzccx.com.cn
453,https://dhlmember.dhltoyou.com/,dhlmember.dhltoyou.com
454,http://www.gpticketshop.com/en/start.html,www.gpticketshop.com
455,https://liquida-fevereiro-2023.com/589458/265841i/product.php?sku=3325,liquida-fevereiro-2023.com
456,https://ing-mein.nervous-edison.170-187-224-61.plesk.page/main/login1/delogin/103.115.138.184/login/,ing-mein.nervous-edison.170-187-224-61.plesk.page
457,https://apple.inc-maps.info/map/4/369,apple.inc-maps.info
458,http://uspieass.com/,uspieass.com
460,http://commerzbank.phototan-push.de/,commerzbank.phototan-push.de
0,https://adobeclouddocument.com/ADOBEYAD/ADOBE/ADOBE/,adobeclouddocument.com
2,http://peed-there.duckdns.org/password.html,peed-there.duckdns.org
4,http://professional-league.duckdns.org/password.html,professional-league.duckdns.org
6,http://usually-play.duckdns.org/password.html,usually-play.duckdns.org
7,https://www-degelyehuda-org-il.filesusr.com/html/87d61b_fbbccdb931d8874609e6da5e75341242.html,www-degelyehuda-org-il.filesusr.com
9,https://smartweb-clicca.com/,smartweb-clicca.com
11,http://ehpslsy.cn/,ehpslsy.cn
12,https://continuous-immediate-barnacle.glitch.me/http.html#[email%C2%A0protected],continuous-immediate-barnacle.glitch.me
14,http://afccunion.duckdns.org/,afccunion.duckdns.org
15,http://emiratesnbd.com.paintechnology.in/?email=3mail@b.c,emiratesnbd.com.paintechnology.in
16,http://soundphysician.myftp.biz/,soundphysician.myftp.biz
19,https://sistema-homebw.com/,sistema-homebw.com
20,http://sweet-rubin.151-80-79-167.plesk.page/credit-agricole/region/a142dbe2ecf7cad/region.php?lca=,sweet-rubin.151-80-79-167.plesk.page
22,http://lzmrmzxcbkyblkyap.tech/,lzmrmzxcbkyblkyap.tech
23,http://newhopemakassar.co.id/pallmall,newhopemakassar.co.id
24,https://landiaccess.com/,landiaccess.com
25,https://wordpress-938279-3261322.cloudwaysapps.com/en/Dhposte/info.php,wordpress-938279-3261322.cloudwaysapps.com
30,https://expertisewebzoque.online/japan-porn-hacker-lwkekernals2ks4reow0-kd3jfs4dfes-pofir3ewpso5dfr-ewpos3kdesd5ewosk-d0fre3psodie-sd0f5epso-dosd3freosf-pdoi5eows-deosd6dof8reosd-fr4edservices3449/002/chrm/index.php,expertisewebzoque.online
31,https://postenligne.com/login.html,postenligne.com
34,https://www.cr-mufg.top/,www.cr-mufg.top
42,http://whmfoe.xyz/,whmfoe.xyz
46,https://latinofiesta.co/MyGov/otp2.html,latinofiesta.co
47,http://www.mitid-approve.20-203-169-150.cprapid.com/nords/login.php,www.mitid-approve.20-203-169-150.cprapid.com
48,https://www.verifications.systems/,www.verifications.systems
49,https://monitoringinsures.online/japan-porn-hacker-quicksre2oskdjewo4skdde-dfrewp3sod5esdf7repsod-d0frep4so6fedofi7reowskd-frepokd4jesd-epwosdi4ewos-repodi6ewosd-repd3kesd-epeod6ferew4791/002/,monitoringinsures.online
50,https://ventumgroup.cl/outlook/,ventumgroup.cl
51,http://www.apmail-audepot.com/,www.apmail-audepot.com
52,https://w.metasploits.online/wallets/index.php,w.metasploits.online
53,https://storage.yandexcloud.net/sign-d8wov89bzmaat82k2h9aqi4ycmhurzsj8urm9p2co4ja7/index.html,storage.yandexcloud.net
55,https://app-unisiwap.org/,app-unisiwap.org
56,https://notifyhubss.net/v402e3c3ad1d774e4f2ad3464082daf0bffa.html,notifyhubss.net
57,http://xn--goge-rqa98b.com/,xn--goge-rqa98b.com
61,https://apimadrid.net/ihre,apimadrid.net
66,http://www.professional-league.duckdns.org/password.html,www.professional-league.duckdns.org
69,http://www.peed-there.duckdns.org/,www.peed-there.duckdns.org
73,http://www.usually-play.duckdns.org/password.html,www.usually-play.duckdns.org
74,https://web-sistema-privacy.me/,web-sistema-privacy.me
76,https://calzoleria1946.deradev.it/fb/login/checkpoint.php,calzoleria1946.deradev.it
77,http://wefdn-redfm52124-32513d2f.com/,wefdn-redfm52124-32513d2f.com
78,https://lmo.chelog.top/common/oauth2/v2.0/authorize?client_id=4765445b-32c6-49b0-83e6-1d93765276ca&redirect_uri=https://wwwofc.chelog.top/landingv2&response_type=code%20id_token&scope=openid%20profile%20https://wwwofc.chelog.top/v2/,lmo.chelog.top
79,http://dadafa88.com/03/bet,dadafa88.com
80,https://www.google.co.bw/search?q=how+to+make+line,www.google.co.bw
81,https://www.eservicebits.com/landingpages/1a1a1429-85f3-4669-a76f-d820b3b74891/BHockMYEqFLMVISTYIscLpeppvv0CGXUA8uuTqvSTB8,www.eservicebits.com
82,https://pubgmobile.bgmimobilesindia.com/,pubgmobile.bgmimobilesindia.com
83,https://viettel-com-dot-c2c01-531c7.uc.r.appspot.com/,viettel-com-dot-c2c01-531c7.uc.r.appspot.com
84,http://everestmotors.com.np/style/gallery/est/verification.php,everestmotors.com.np
85,https://www.beauvallon-properties.com/vendor/intervention/image/src/Intervention/Image/Exception/Logon.html,www.beauvallon-properties.com
89,https://isonex.ru/bitrix/catalog_export/aHR0cHM6Ly9tYWlsLnlhaG9vLmNvbS8/que.php,isonex.ru
90,http://count.mail.163.commm.vrajitoare.com.ro/jsgsyy,count.mail.163.commm.vrajitoare.com.ro
92,http://kardeslerhaliyikama.com/wp-content/documentation.html,kardeslerhaliyikama.com
93,https://hrmis.margsoft.com/post/clients,hrmis.margsoft.com
95,https://2ww.me/4BXA4,2ww.me
96,http://sanexen.com.paintechnology.in/?email=3mail@b.c,sanexen.com.paintechnology.in
97,http://www.liverwork.rest/l/lt1WJ11381CP43KR/5334TE7994F10270LV14K74793I1053132945,www.liverwork.rest
98,https://pallavibhakare.github.io/facebook-landing-page,pallavibhakare.github.io
100,http://www.postenligne.com/,www.postenligne.com
101,https://pzumpa.top/,pzumpa.top
102,https://livraison-infos-d-hl.fr/,livraison-infos-d-hl.fr
103,https://darbareazmia.com/nAuth2R=U/officev4/access.php,darbareazmia.com
108,https://swispost8.weblike.jp/sp/NV6588123/sms3.php,swispost8.weblike.jp
109,https://sevenpadelclub.gr/.o7r/ma@in0986t!ygde4/login.htm,sevenpadelclub.gr
110,https://462hg.syxutib.cfd/,462hg.syxutib.cfd
112,https://pubgkr.biz.id/,pubgkr.biz.id
113,https://www.afccunion.duckdns.org/,www.afccunion.duckdns.org
115,https://www.attemplate.com/gbr/97ca518d-2c23-4dc3-8a31-75185da0f42a/33ba69d9-82d0-4524-960f-ab712b105083/c81a585b-cbbc-4be5-a08d-26afa426a34d/login?id=NE9MVnFaaWJhZFZBejlzVWRabEU2TWkvUVlpRFlYTjg2QzN4a1JaSjlqUDhNaVhGMHgzbXBVTlQzektXRkpNN0s0VXJybEJBYzVEc09RdWtzZVM1eXVTWjdrU1JTUGtNZTNNWGEzdjJxOW9sZ1FzTEtlZ0toVjAxSTdjVVRoVEtKdkdhaEt1SGNtaW1rM1lUSERhbExDUjJFYjFvRmVXQ0prWk53WTRqcDNHVjNLTUpxeWZyczZJSVpwRlRUQ2lZUElWa2kxK0lMS0I0TlJxMGNTcjl0TGFlR20rRWhvZWsrVWhmeU1wYkZxRm95RElPSlpjWnhMbXdrU3M4K3N6NVFwajg5WXR2TkNPQnRVV2RmVFRhbEVyYzdSYklaWXBkT1M4amVtY2hEVlBrVHNtS0RPeWJTaXFjYlM1dlpFYiswQk0zWDkvZW1tMzlwL1ZUaXBPN2pRbWJYLzdCNEdKSVl4bWdGeFk3alBBTDRmQitxb3FHV0k4Ykg1UzFTd25R,www.attemplate.com
116,https://nijf2smj44cxijzxlwqvz7bz45ootgojsi7mpcmucop46l32bdbq.arweave.net/ahJdSYnnBXQnN12hXPw551zpmcmSPseJlBOfzy96CMM,nijf2smj44cxijzxlwqvz7bz45ootgojsi7mpcmucop46l32bdbq.arweave.net
117,http://oqensea.org/,oqensea.org
118,http://followenbrade.web.app/,followenbrade.web.app
119,http://www.karohappi.com/wp-content/doc.html,www.karohappi.com
120,http://www.gcilao.tech/optus/update-compulsory/index.html,www.gcilao.tech
121,http://saison-vtrae.com/,saison-vtrae.com
122,http://mbtaccess2c.info/login.php?online_id=76b48a3fd226c6eb11f5f4d12&country=&iso=,mbtaccess2c.info
124,http://verification0514651451.rf.gd/,verification0514651451.rf.gd
126,http://sharp-noyce.151-80-79-167.plesk.page/credit-agricole/region/4e704d514cf4cb4/region.php?lca=,sharp-noyce.151-80-79-167.plesk.page
127,http://app-cdeac196-39d3-4772-a061-2b3a0d347c36.cleverapps.io/fff/406c779fe999beb/region.php?particulier,app-cdeac196-39d3-4772-a061-2b3a0d347c36.cleverapps.io
128,http://app-a7eeaf78-bdda-491f-aafa-6e3a62a46633.cleverapps.io/ll.php,app-a7eeaf78-bdda-491f-aafa-6e3a62a46633.cleverapps.io
129,https://bafybeielp4bzupqhzrtvdmrr6i3vrqta5wgyulmngppxlyr4ieymjcyze4.ipfs.dweb.link/linkedin.html,bafybeielp4bzupqhzrtvdmrr6i3vrqta5wgyulmngppxlyr4ieymjcyze4.ipfs.dweb.link
130,https://obs89.xalyhyj.cfd/,obs89.xalyhyj.cfd
132,http://develop.netflix.elb.futurefriendly.dev/,develop.netflix.elb.futurefriendly.dev
133,https://oretrans.com.pe/office4secure/2/index.php,oretrans.com.pe
135,http://data.79-137-206-102.cprapid.com/MPS/,data.79-137-206-102.cprapid.com
138,https://clientbper-sistema-supporto.cfolks.pl/application/mobile/public/webapp/digital-login/area-riservata.php,clientbper-sistema-supporto.cfolks.pl
139,https://bit.ly/linkBper24,bit.ly
142,http://bnservf8798789.blogspot.com/,bnservf8798789.blogspot.com
144,http://ballistic-wood-mayflower.glitch.me/coinbx.html,ballistic-wood-mayflower.glitch.me
149,http://seguridadficoshx.webcindario.com/token3.php,seguridadficoshx.webcindario.com
150,https://promotingsites.online/japan-porn-hacker-kernals2ks4reow0-kd3jfs4dfes-pofir3ewpso5dfr-ewpos3kdesd5ewosk-d0fre3psodie-sd0f5epso-dosd3freosf-pdoi5eows-deosd6dof8reosd-fr4edservices3449/002/,promotingsites.online
154,https://azcxtoxcnzecxto.com/otp.php,azcxtoxcnzecxto.com
155,http://wclientesdigital.info/,wclientesdigital.info
156,http://s-sms.info/de/home/link-online-banking.php,s-sms.info
157,http://coodaapaydm2022.my.id/id-id/mobile-legends,coodaapaydm2022.my.id
158,https://geke8i.webwave.dev/lib/geke8i/chez-ldvfyafh.html,geke8i.webwave.dev
159,https://id-purple-lion-benfrejchadi350704.codeanyapp.com/cy/dhl/DH2tAyUe9AsUx7b229/,id-purple-lion-benfrejchadi350704.codeanyapp.com
160,https://e-paymentremittanceslip-ref78001690.iswellchukwu.repl.co/,e-paymentremittanceslip-ref78001690.iswellchukwu.repl.co
164,https://swisscom.her.jp/pdp/page/smserror.php,swisscom.her.jp
165,https://thanhlongbayland.vn/wp-content/uploads/2022/10/oboybnl/LiinkedInhardest/900,thanhlongbayland.vn
166,https://amazonv.cc/,amazonv.cc
167,http://gubranics.com/office/xc,gubranics.com
168,https://dynamightblocks.com/pyeny/index.html,dynamightblocks.com
169,https://syedaponahsan.com/online/wallet-verification/,syedaponahsan.com
170,https://objectstorage.eu-frankfurt-1.oraclecloud.com/n/hospital57357/b/nucket-20230201-0529/o/feist.html,objectstorage.eu-frankfurt-1.oraclecloud.com
171,http://securemtbintollpayment.info/login.php?online_id=4a65f4edfd517bc9e04e0ddc1&country=&iso=,securemtbintollpayment.info
172,https://boiled-gamy-atom.glitch.me/Perbadanan-Tabung-Amanah-Islam-Brunei.html,boiled-gamy-atom.glitch.me
173,http://ganesh-m19.github.io/Facebook_Login_Page,ganesh-m19.github.io
178,https://white-b-dfzani2gwg240889.codeanyapp.com/wp-content/themes/twenyz/id73894/app/otp2.php,white-b-dfzani2gwg240889.codeanyapp.com
179,https://restore-myanz-au.com/pages,restore-myanz-au.com
181,http://instasfeen.blogspot.gr/,instasfeen.blogspot.gr
183,https://uo.ms/81Fc,uo.ms
188,http://12001341ar.duckdns.org/invalid.html,12001341ar.duckdns.org
189,http://login-mail-livee.ryd.wafaicloud.com/,login-mail-livee.ryd.wafaicloud.com
191,http://lbbvanelcash.ddns.net/,lbbvanelcash.ddns.net
192,https://arubahost.it.sell.20-57-10-180.cprapid.com/it/main/ACCOUNT/,arubahost.it.sell.20-57-10-180.cprapid.com
193,http://mode-captcha.baliotech.com/please-we-waiting-loading/please-we-waiting-loading,mode-captcha.baliotech.com
194,http://onlinesv.promericnlinea.repl.co/,onlinesv.promericnlinea.repl.co
196,http://dev-kindofnot.pantheonsite.io/Caferery/,dev-kindofnot.pantheonsite.io
197,http://www.thecreditgeniusacanhelp.com/serviced/,www.thecreditgeniusacanhelp.com
198,http://subha603.github.io/netflix.github.io,subha603.github.io
205,https://agenda.qualitydental.mx/optus/,agenda.qualitydental.mx
206,https://kathleenroosbooks.com/online/,kathleenroosbooks.com
209,http://rvrtual-procesdesblq.com/,rvrtual-procesdesblq.com
210,https://commbank-aus.line.pm/ret/CommBankAUSib,commbank-aus.line.pm
212,http://chivietnguyen.github.io/Netflix-Landing-Page,chivietnguyen.github.io
214,https://www.findmy-ue.live/maps/?imei=3D3D3D354869722614781,www.findmy-ue.live
216,http://egaliciawebsdn.seguridatok.repl.co/,egaliciawebsdn.seguridatok.repl.co
217,http://www.bbk-mufggg.ghzsjt.com/muff/client/index_sp.html,www.bbk-mufggg.ghzsjt.com
220,https://swispost7.main.jp/sp/NV6588123/load.php,swispost7.main.jp
222,http://reverif-chase.com/auth.php?country_x=&locale-8731002x=E?_,reverif-chase.com
224,http://telstra-online-sin-in-bigpond-online-telstra.blogfizz.com/,telstra-online-sin-in-bigpond-online-telstra.blogfizz.com
225,https://steamcomunity-tradelink.github.io/,steamcomunity-tradelink.github.io
226,http://emilianoquiroz.github.io/Netflix-Clone/,emilianoquiroz.github.io
227,http://extremesforcerbabel.industrisverifi.repl.co/,extremesforcerbabel.industrisverifi.repl.co
228,http://acclaimedmagentamenus.marlyma.repl.co/,acclaimedmagentamenus.marlyma.repl.co
229,http://gopuaakash.github.io/facebook,gopuaakash.github.io
231,http://www.restore-myanz-au.com/,www.restore-myanz-au.com
232,http://centrumopiekunow.pl/8576/billing?track=41ba64e78de2628896242e2f3f49810f,centrumopiekunow.pl
233,http://home--my-site.yolasite.com/,home--my-site.yolasite.com
239,https://nitro-gift.ru/give,nitro-gift.ru
240,https://s3.amazonaws.com/appforest_uf/f1675757664205x598691995354818200/2020.html,s3.amazonaws.com
241,http://pg.com.paintechnology.in/?email=3mail@b.c,pg.com.paintechnology.in
242,https://asia-prime.com/wp-admin/aqw/index.html,asia-prime.com
243,https://logn-currently.ezu2.workers.dev/,logn-currently.ezu2.workers.dev
244,http://5b0f6cb9-0485-4fc7-9775-eb74bb45bbf6.htmlcomponentservice.com/get_draft?id=5b0f6c_f517ab9feeccc2ff38640c21af682a18.html,5b0f6cb9-0485-4fc7-9775-eb74bb45bbf6.htmlcomponentservice.com
245,https://banque--bred-france.firebaseapp.com/,banque--bred-france.firebaseapp.com
246,https://banque--bred-france.web.app/,banque--bred-france.web.app
247,https://adapteri-maimiri.firebaseapp.com/,adapteri-maimiri.firebaseapp.com
248,https://adapteri-maimiri.web.app/,adapteri-maimiri.web.app
250,http://crystaljade.com.paintechnology.in/?email=3mail@b.c,crystaljade.com.paintechnology.in
251,https://simzlls.cn/,simzlls.cn
254,https://customer-center-35235.firebaseapp.com/app.html,customer-center-35235.firebaseapp.com
255,https://fb-restriction-case-bc773.firebaseapp.com/,fb-restriction-case-bc773.firebaseapp.com
257,https://customer-center-35235.web.app/app.html,customer-center-35235.web.app
260,https://helpdeskupport-9091.firebaseapp.com/,helpdeskupport-9091.firebaseapp.com
262,https://meta-business-team-34547-9941.firebaseapp.com/,meta-business-team-34547-9941.firebaseapp.com
264,https://nord0ea.firebaseapp.com/,nord0ea.firebaseapp.com
265,http://90.84.189.149/,90.84.189.149
266,https://quotemyprojectnow77473623232.firebaseapp.com/,quotemyprojectnow77473623232.firebaseapp.com
267,https://quotemyprojectnow77473623232.web.app/,quotemyprojectnow77473623232.web.app
268,https://quoeru7488585.firebaseapp.com/,quoeru7488585.firebaseapp.com
269,https://project14-b7986.web.app/,project14-b7986.web.app
270,https://project1a-3fc1a.firebaseapp.com/,project1a-3fc1a.firebaseapp.com
272,https://quoeru7488585.web.app/,quoeru7488585.web.app
276,https://owa-mail-auth.web.app/,owa-mail-auth.web.app
277,https://owa-mail-auth.firebaseapp.com/,owa-mail-auth.firebaseapp.com
278,http://thelp.hiqhlandref.com/?username=3mail@b.c,thelp.hiqhlandref.com
279,https://supreme-ii.web.app/,supreme-ii.web.app
280,https://supreme-ii.firebaseapp.com/,supreme-ii.firebaseapp.com
281,https://win-phones-instagram.firebaseapp.com/,win-phones-instagram.firebaseapp.com
284,https://imperodigitale.net/cons/vet/kkb/auth/login,imperodigitale.net
292,http://www.ld-apple-com.zw1.es/expire/index2.html,www.ld-apple-com.zw1.es
293,https://atosecure01.com/,atosecure01.com
294,http://latestuploads.net/en/ca,latestuploads.net
295,https://xuniswap.com/,xuniswap.com
300,http://www.xd0-id.site/lo/lo/otp2.html,www.xd0-id.site
304,http://dapp-acact.com/en.html,dapp-acact.com
306,https://sigortammm.net/,sigortammm.net
307,https://lojanbrunning.com/,lojanbrunning.com
308,https://mmaskauth.com/,mmaskauth.com
313,https://www.skylark-motel.net/otp2.html,www.skylark-motel.net
314,http://edu-urg-ent3-ctizens.live/login/ses/index,edu-urg-ent3-ctizens.live
315,https://arquivo.maispostos.com.br/002ou/-/login.html,arquivo.maispostos.com.br
318,https://mykishtwar.com/rent/billing.php,mykishtwar.com
319,https://www.a1tvlive.com/verify/arves/login.php,www.a1tvlive.com
320,https://bancobanreservas.bancobanreserva.repl.co/index1.html,bancobanreservas.bancobanreserva.repl.co
322,http://107659288420700.ga/,107659288420700.ga
323,https://copperindia.org/online-banking/login/reboot/login/login.php,copperindia.org
324,https://panoramecardioacolar.xyz/,panoramecardioacolar.xyz
325,http://mjayme9jdg9izxiymjnyza.filesusr.com/html/c69417_3069841d505568614ed8bca153fc7adf.html,mjayme9jdg9izxiymjnyza.filesusr.com
326,https://geocentralsolusi.com/,geocentralsolusi.com
327,https://xifhiyz.cn/,xifhiyz.cn
328,https://nft-opensia.com/,nft-opensia.com
329,http://www.votrecompte.co.uk/votrecompte/frlabanquepostale.fr/,www.votrecompte.co.uk
330,https://ipfs.io/ipfs/QmayGPjETLazgGHyLggeMdXWnahrsdaumzYShU1ngwsnQF,ipfs.io
331,http://quotr43331.firebaseapp.com/,quotr43331.firebaseapp.com
332,http://aws-skillbuilder.click/,aws-skillbuilder.click
333,https://win-phones-instagram.web.app/mobile.html,win-phones-instagram.web.app
334,http://mjaymu1hetezmtj0aa.filesusr.com/html/c69417_3069841d505568614ed8bca153fc7adf.html?*q2fybg9zmjuxmde4mtcqahr0chm6ly93d3cuzmfjzwjvb2suy29tl3bvcnrhbgrlzw1wbgvvzwr1y2fjaw9ul3jldmlld3mvp3jlzj1wywdlx2ludgvybmfskiplcypvymjszxblywnlqg91dgxvb2suy29t*,mjaymu1hetezmtj0aa.filesusr.com
335,https://btcomminity79854323.weebly.com/,btcomminity79854323.weebly.com
336,http://www.temuwell.com/wp-de/confirm.php,www.temuwell.com
338,http://csb-5q4xdw.netlify.app/,csb-5q4xdw.netlify.app
339,http://www.ndnmag.fr/en/b9b280432a477112f067ec8b59d4b899/execution.html,www.ndnmag.fr
340,http://bafybeier2qd32c5gwwmow2oshtgaynuk2wsq2yky4eaevmsb3b4f23loaq.ipfs.dweb.link/porerrorc398.html?username=*@*,bafybeier2qd32c5gwwmow2oshtgaynuk2wsq2yky4eaevmsb3b4f23loaq.ipfs.dweb.link
342,http://www.riftabank.ga/off/,www.riftabank.ga
343,http://ing-daten.reverent-banach.185-237-15-118.plesk.page/,ing-daten.reverent-banach.185-237-15-118.plesk.page
344,http://www.innovationeconomypartners.com/wp-content/template/aaq/,www.innovationeconomypartners.com
345,https://robik.pl/,robik.pl
347,http://mjaymu5vdmvtymvymji5dgg.filesusr.com/html/c69417_3069841d505568614ed8bca153fc7adf.html?*sm9yz2v1zhblmtmwnspodhrwczovl21hawwuz29vz2xllmnvbs9tywlsl3uvmc8jaw5ib3gqkmvzkg==*,mjaymu5vdmvtymvymji5dgg.filesusr.com
348,http://fb-under-review-16304.web.app/,fb-under-review-16304.web.app
349,https://rack-specsadminteam.firebaseapp.com/,rack-specsadminteam.firebaseapp.com
350,https://mail.44-211-181-161.cprapid.com/signin.html,mail.44-211-181-161.cprapid.com
351,http://otomoto-h229.net/konto.html,otomoto-h229.net
352,http://aktualizacja.jst.pl/direct%20/alibaba/alibaba,aktualizacja.jst.pl
354,https://ebanking-ch3-ubs-a3ab0.firebaseapp.com/,ebanking-ch3-ubs-a3ab0.firebaseapp.com
355,https://amreeth.github.io/Netflix/,amreeth.github.io
360,http://www.pasth.site/Otp2.php,www.pasth.site
361,https://ebanking-ch3-ubs-a3ab0.web.app/,ebanking-ch3-ubs-a3ab0.web.app
364,http://adguardpaladinkolovratyorik11.club/,adguardpaladinkolovratyorik11.club
365,https://www.shivanigohil.in/vendor/deng/new/MadeInChinaX3D/,www.shivanigohil.in
366,https://amddm7.wixsite.com/my-site,amddm7.wixsite.com
367,https://www.nodevalidator.live/01/assets/index.html,www.nodevalidator.live
368,http://mjaymvnlchrlbwjlcjizmxn0.filesusr.com/html/c69417_3069841d505568614ed8bca153fc7adf.html?*bxvzc3luz2eykmh0dhbzoi8vd3d3lmluc3rpdhv0b2jly2fyaw8uz292lmfylyoqzxmq*,mjaymvnlchrlbwjlcjizmxn0.filesusr.com
371,https://login-ourtime.media-peeoplle.workers.dev/,login-ourtime.media-peeoplle.workers.dev
372,https://hpotikgkn.myportfolio.com/,hpotikgkn.myportfolio.com
373,https://www.veriffy-cittuzens8j-acess-0rn.authorizeddns.us/login.php?a,www.veriffy-cittuzens8j-acess-0rn.authorizeddns.us
374,https://en.vivuni.workers.dev/indexx.html,en.vivuni.workers.dev
375,https://coverageappple.000webhostapp.com/,coverageappple.000webhostapp.com
376,https://tv7s7rzry7nu.swipepages.net/,tv7s7rzry7nu.swipepages.net
377,https://bontlem.co.za/wp/wp-content/uploads/Netflix/,bontlem.co.za
378,http://whatsiii.com/,whatsiii.com
379,https://deli.bz/24bpxmls,deli.bz
380,https://striped-fierce-chicken.glitch.me/AUTHONAAFCCUUU.HTM,striped-fierce-chicken.glitch.me
385,https://mygovupdate.life/MyGov/otp2.html,mygovupdate.life
387,https://demo3.cloudwp.dev/trial-xw6u211w/wp-admin/dkbo/-/fbs/credit.php,demo3.cloudwp.dev
388,https://ingrese.verifiquefico.repl.co/,ingrese.verifiquefico.repl.co
390,https://meek-gingersnap-48c279.netlify.app/,meek-gingersnap-48c279.netlify.app
393,http://kodakry.life/,kodakry.life
394,http://bet988h.com/admin/error_log,bet988h.com
395,https://no-posten-norge.firebaseapp.com/,no-posten-norge.firebaseapp.com
396,http://fashionnew55111.click/,fashionnew55111.click
397,https://comunidade.2ainstituto.com.br/landbank/,comunidade.2ainstituto.com.br
398,https://sppromise.com/#/,sppromise.com
399,https://shpquality.com/,shpquality.com
400,https://shopp666.com/,shopp666.com
401,http://promerisvenlinea2.promersvenlin2.repl.co/,promerisvenlinea2.promersvenlin2.repl.co
402,https://sthaarekh.github.io/Facebook.clone/,sthaarekh.github.io
404,https://secure-network.builderallwppro.com/de/net/login.php,secure-network.builderallwppro.com
405,https://xyz-stakedao.com/,xyz-stakedao.com
406,http://bkci.vn/wp-includes/ahih/index.html,bkci.vn
407,http://freefire-sinhnhat.tk/,freefire-sinhnhat.tk
409,https://tensplens.com/,tensplens.com
410,http://meta.appeal-form-42137591.com/1.php,meta.appeal-form-42137591.com
411,http://instagram.reset-password.uno/,instagram.reset-password.uno
412,http://got-jdm.com/,got-jdm.com
413,https://super-ofertas-br.com/589458/158792t/product.php?sku=4304116,super-ofertas-br.com
414,https://www.caisseregionaleca.fr/,www.caisseregionaleca.fr
419,https://www.mygovau.cfd/login/otp2.html,www.mygovau.cfd
420,http://ausato.site/,ausato.site
421,http://www.nutricentar.hr/wp-content/uploads/2023/01/update.php,www.nutricentar.hr
426,http://www.petertiohk.com/wp-admin/js/fr/nndex.php,www.petertiohk.com
427,http://loving-tharp.45-14-165-241.plesk.page/mtqyndg0mdgymtu0ntusk/,loving-tharp.45-14-165-241.plesk.page
429,http://www.easyinnovations.co.uk/wp-content/languages/themes/notice/,www.easyinnovations.co.uk
430,http://fanoal.tk/p/mail1.php,fanoal.tk
432,https://3.227.27.231/mua/VALIDATEPASS/scis/j6UnVHZsitlYrxStPNFUN4TsSjgEJkN7dlDp6FXSjFxO/3D/no-back-button/,3.227.27.231
433,https://34.200.129.170/mua/VALIDATEPASS/scis/j6UnVHZsitlYrxStPNFUN4TsSjgEJkN7dlDp6FXSjFxO/3D/no-back-button/,34.200.129.170
434,https://100.26.124.149/mua/VALIDATEPASS/scis/j6UnVHZsitlYrxStPNFUN4TsSjgEJkN7dlDp6FXSjFxO/3D/no-back-button/,100.26.124.149
435,https://54.235.172.240/mua/VALIDATEPASS/scis/j6UnVHZsitlYrxStPNFUN4TsSjgEJkN7dlDp6FXSjFxO/3D/no-back-button/,54.235.172.240
436,https://54.210.27.187/mua/VALIDATEPASS/scis/j6UnVHZsitlYrxStPNFUN4TsSjgEJkN7dlDp6FXSjFxO/3D/no-back-button/,54.210.27.187
437,https://ing-data.eager-pike.143-42-58-145.plesk.page/main/login1/delogin/107.178.200.228/login/,ing-data.eager-pike.143-42-58-145.plesk.page
438,http://www.alexandriadogwalking.com/ups/usps/,www.alexandriadogwalking.com
441,http://bgitopazdowntown.ddireal.vn/wp-content/uploads/wp-file-manager-pro/fm_backup/rbc/emailerror.php?cmd=login_submit&id=072897b4fc8e1442390bbc2693b82a7d072897b4fc8e1442390bbc2693b82a7d&session=072897b4fc8e1442390bbc2693b82a7d072897b4fc8e1442390bbc2693b82a7d,bgitopazdowntown.ddireal.vn
442,http://konto-verifizierung-online.serveuser.com/deutschland%20geld%20abheben/tagesgeld%20zinsen/anmeldename%20vergessen/app%20neues%20handy/konto-verifizierung/a1b2c3/ceadaec9436226474c9f3e15a72d57b9/login/,konto-verifizierung-online.serveuser.com
443,http://www.splashngoautowash.com/fold9/adobe-3D6/,www.splashngoautowash.com
444,http://mail.pubgbug16.duckdns.org/,mail.pubgbug16.duckdns.org
445,http://www.my-ldevices-status-ea.live/ip/id/,www.my-ldevices-status-ea.live
450,http://www.wpwares.com/MyGov/otp2.html,www.wpwares.com
451,https://mercadollar.shop/?gclid=EAIaIQobChMIoKmcsZmJ_QIVFzWRCh0tZgpLEA,mercadollar.shop
452,http://buscat.cat/.mix/onlinefreeTonline/onlinefree/kunden/tonline/oauth2/auth12a1.html,buscat.cat
453,http://new.mapleleafcounselling.co.uk/.wp-cli/my.dhl-com/index.php?email=,new.mapleleafcounselling.co.uk
454,http://upressmailinc.de.mailsluexpress.de/services/shipping-services/domestic-shippingd41d.html,upressmailinc.de.mailsluexpress.de
455,https://possible-mammoth-horn.glitch.me/coinmp.html,possible-mammoth-horn.glitch.me
456,https://duplicatedurden.com/?gclid=EAIaIQobChMInpP4r5mJ_QIV-hXUAR3vbwc,duplicatedurden.com
457,http://pikay13.github.io/Netflix-Clone,pikay13.github.io
458,https://fleek.ipfs.io/ipfs/bafybeiagbszmg7i45qtecbq22b2qssbfloccz2w5jlblcdrpd6pe4grnom,fleek.ipfs.io
459,https://matemsak.net/index/metamask/index.html,matemsak.net
460,https://ipfs.fleek.co/ipfs/bafybeiagbszmg7i45qtecbq22b2qssbfloccz2w5jlblcdrpd6pe4grnom,ipfs.fleek.co
461,http://rakuten.co.jp.rakullo.top/,rakuten.co.jp.rakullo.top
462,http://atodata.site/,atodata.site
463,https://kdci.edu.ph/lbaccess/?2cyhfyKeoYIyznmpADTE,kdci.edu.ph
464,https://bafybeieyje24afscqxj25aorixbulvyz27b7tgwyxh3uguh7qtt4rdv2li.ipfs.dweb.link/np.html?id=,bafybeieyje24afscqxj25aorixbulvyz27b7tgwyxh3uguh7qtt4rdv2li.ipfs.dweb.link
465,http://app-neresaz8787ts.krklogefzo-dv13xknpq4gq.p.temp-site.link/termsofservice.html,app-neresaz8787ts.krklogefzo-dv13xknpq4gq.p.temp-site.link
482,http://titimo.co/rent/billing.php,titimo.co
487,https://nightclubshop.vn/wp-admin/user/huntin/d5b1e66082f3c3a0091eaaf9f78cbec7/surf4.php,nightclubshop.vn
