url,status
https://popsicle-c5509.firebaseapp.com/,phishing
https://steamcomnununity.com/profilies/76561199126434627,phishing
https://vcuxtukqcj.duckdns.org/,phishing
https://bafybeielp4bzupqhzrtvdmrr6i3vrqta5wgyulmngppxlyr4ieymjcyze4.ipfs.dweb.link/linkedin.html,phishing
https://rcuorl.org/,phishing
http://accessobperbanca.zapatradex.com/,phishing
https://mewalls.com/,phishing
http://remittance.ausnep.com/,phishing
https://proximus1.weebly.com/,phishing
http://napgarena.vn/,phishing
http://eth-network.live,phishing
http://connecttele.live,phishing
https://cpdsgrufvj.duckdns.org/,phishing
http://www.visaevvcsoeissiver.oea.orcbvv.top/k7OIMyJhEU/page1.php,phishing
http://www.myjaeasoeb.myjoaaeecb.xakv.top/,phishing
https://ripristinacredenzialisospette.com/,phishing
https://isoxzawa.top/jp,phishing
https://7877859a-4a88-431b-9e8b-39d1a1b7169e.en-metam.com/Connect.php?user=true,phishing
https://mercado.pago.email/,phishing
https://lciaud.com/aU3V2/?ZtFZiQfioQrF81PWxqawoSvmPTZXI6TU6aElGJKSgeu7gEaF0d55Q8gXpYfxiOEIWKriFyRxO59TkmwGHz9seueSeZnTPKz0agreuWwdEjfDDbmmsG8N1rtguP3tPNyeqMaaLnPBjQJIOzKRL0z8ykAnrHvCb1itNV0wfVGrz9=,phishing
https://solicitud-aprobada.lnbkperu2023.top/,phishing
https://appsctrl01.web.app/,phishing
http://www.westernunionverify.rwstaffing.com/verification/,phishing
https://bag6--minracrf3.repl.co/des/index.php,phishing
http://www.vivievsaveeai.vivsvceaaaei.gffhis.top/LAuCvx4R/page1.php,phishing
http://blockchainwebcheck.com,phishing
https://pccyjtllme.duckdns.org/,phishing
https://dein-portal-kunde.de-main.latitud.ru/mein-portal/,phishing
https://capostae4.web.app/,phishing
https://www.jedigmbh.de/news,phishing
https://apptuts.bio/angelfatu?gclid=EAIaIQobChMIj8j7u__7_AIVMkFIAB19zgHLEAAYASAAEgJlJfD_BwE,phishing
https://pillarsofanation.com.au/ServiceCU/,phishing
https://nhqmwdioub.duckdns.org/,phishing
https://mmskwlemxi.duckdns.org/,phishing
http://vcst.vdtsrelh.ddnss.ch,phishing
http://www.irelandsissuesmagazine.com/form1/formpdf/e0cb93ccd49837f08910162c816b45a3/error.htm,phishing
https://dboeqbzmsz.duckdns.org/,phishing
https://hzneyimitr.duckdns.org/,phishing
https://0pd0tao.weebly.com/,phishing
http://hungarian-buyer-carrying-sitting.trycloudflare.com/,phishing
http://account-veriffication.tk/login2.html,phishing
https://t-mobil-28c13.web.app/,phishing
http://www.myjaescccsasoenaseeb.ceosnacoen.lingangbcy.xyz/k7OIMyJhEU/page1.php,phishing
https://reurl.cc/nOMxVl,phishing
https://www53rdcare-bcdff1.ingress-earth.ewp.live/53/FIFTH-THIRD%5Buser%5D/FIFTH-THIRD%5BContent%5D/login/ses/session_index.php,phishing
https://mysite-webmail-103051.weeblysite.com/,phishing
http://resettaportale-dati.com/,phishing
http://webuyworkshopequipment.com/wp-content/themes/sketch/js/SF_TRASH/c45b222914e3c78d/,phishing
http://www.seacisccaecrirsoona.seeascacrsoaeoaoeosnmer.ejvocy.top/k7OIMyJhEU/page1.php,phishing
http://www.viaaaaeeevesvcsceei.viacvacersvoerrsai.jhuejd.top/k7OIMyJhEU/page1.php,phishing
http://lively-evergreen-candytuft.glitch.me/indexxex.html,phishing
http://baradua.it/wp/wp-content/plugins/MADE/files/top.html,phishing
https://creditytimes.blogspot.com/?id=110,phishing
http://www.saaaieceesacseoe.sascsecoaiarser.ioxzyf.top/k7OIMyJhEU/page1.php,phishing
https://zmfjscihos.duckdns.org/,phishing
https://upload1docportal.myportfolio.com/,phishing
http://www.vaiccveaiccairvcrcaorsai.vieissaacirvoeainicrciaoeaosesonseosiren.b1ufnm.icu/k7OIMyJhEU/page1.php,phishing
http://www.spkabfrage.de/anmelden,phishing
https://beer.trahoon.top/,phishing
https://connect-login.menbou-oohara.com/,phishing
https://bncpromes.prorkrmmeriass.repl.co/,phishing
https://bafybeibzidjeph42xutwiktkpywgsf3dwm4bqzziuxpmxfftky5x35u4xy.ipfs.dweb.link/,phishing
http://www.vivevasvsi.ee.nsbjrf.top/LAuCvx4R/page1.php,phishing
https://yeogmmlsqc.duckdns.org/,phishing
http://lylkxxbcob.duckdns.org,phishing
https://oqchl.trity.top/,phishing
https://aliniwohi.com/?_=%2Fen%2Fwhere-we-work%2Fsrilanka%23LFBi4mwJSSMqm%2FrZOpfJ%2F%2BDHxq6RXy%2B6JA%3D%3D,phishing
http://206.81.15.214/,phishing
http://wfgtitle.pms.co.tz/,phishing
https://nablogin.38894-au.online,phishing
https://dstlmtlpmptal.firebaseapp.com/,phishing
http://shein8.com,phishing
http://www.avscacieeaecseacercevoi.viiasucarnsvscrroreaio.aprjql.cyou/k7OIMyJhEU/page1.php,phishing
https://credenzialesospesseweb.com/,phishing
http://www.aeesaccon.asccecenaon.pvphn.top/page1.php,phishing
https://citizen-com-55621.firebaseapp.com/,phishing
http://www.acaosaaen.aseaesosen.bqdttb.top/,phishing
https://tlaokzenpt.duckdns.org/,phishing
https://jlpsvqixyo.duckdns.org/,phishing
https://jnurkhozlh.duckdns.org/,phishing
http://woolen-wholesale-perfume.glitch.me/popup.html,phishing
https://isheoffice365.duckdns.org/,phishing
https://edbtzthimg.duckdns.org/,phishing
https://moviebr.com.br/media/crocs/profess.php,phishing
https://bt10t.weebly.com/,phishing
https://oidc.idp.elogin.e-access.itservices-sbc.sbs/lrr/attLRR/LrrController,phishing
http://www.ekl-net.com-asocesnes.uqmzlf.top/jp.php,phishing
https://bglcrcpr.bnolgnt.repl.co/,phishing
https://xifhiyz.cn/,phishing
https://www.beauty-fashion-tips.com/jp,phishing
https://macimixrt.web.app/,phishing
https://rzigqglyod.duckdns.org/,phishing
http://vystar.security.canarotransportes.com.br/,phishing
http://wbvivg.com,phishing
https://baronepresents.com.br/collections/all/products/jogo-de-panelas-antiaderente-9-pecas-teflon-rose?fbclid=IwAR3sHLO6eVrWB503OyeO7s31LlGi7OHWaPqQuvqdoXepXFbHTsr8eleqbEw,phishing
https://avlyixanyh.duckdns.org/,phishing
http://www.seaceiesacceirccrsoorna.seieascaacirsoeoinaoeosnmer.lzpytu.top/k7OIMyJhEU/page1.php,phishing
http://pancake-frontend-6hdusry7s-chefmomota.vercel.app/,phishing
https://frlsevjxmx.duckdns.org/,phishing
https://inc-102497.weeblysite.com/,phishing
http://getdrop.live,phishing
https://kchsijqwyg.duckdns.org/,phishing
https://aabgdqagom.duckdns.org/,phishing
https://www.akanc-co-aksdnyunc.mzhkvkx.cn/,phishing
https://www.dms-mining.com.na/mywionere/main/login.htm,phishing
https://securrrechase.com/,phishing
https://afispinch000.strukc234.repl.co/,phishing
http://www.vivsvavec.vc.brjlgf.top/LAuCvx4R/page1.php,phishing
http://www.viaavsveecei.vivsvesicr.noqaub.icu/k7OIMyJhEU/page1.php,phishing
https://overduecavernousflashdrives.heliobertdjsn.repl.co/,phishing
https://ptiite.nifty-keller.45-66-230-167.plesk.page/piou/lafa/cari/fam/Pr,phishing
https://cou.web.att.ctx.kreasindonotifikasi.com/myweb.sbc/,phishing
https://higherselfdevelopment.com/secure/id/index.php,phishing
http://www.vivsacsoiesesia.o.obekup.shop/k7OIMyJhEU/page1.php,phishing
https://checker-1041734450.square.site/,phishing
http://rklhsolvsi.duckdns.org,phishing
https://bafybeicpuhb32j37a67mjkxv6c2mksqgnrom7z6bvooljfkvjbiu4a6a4a.ipfs.dweb.link/,phishing
http://lavh1lz.adriennepeppinphotography.com/nnwbw/Z2FyeXRAcGlua3N0b250YWRkLmNvbQ==,phishing
https://bantrab1.soporte131.repl.co/,phishing
https://ljhfdiueagifjeahaeg.azurewebsites.net/login.php,phishing
https://gxa1ij.webwave.dev/,phishing
http://biblioteca.sicrediprogresso.com.br/,phishing
http://40.90.22.191/,phishing
https://volunpoussadgenre--rsrmient.repl.co,phishing
https://delivery-status.paiza-user-basic.cloud/wordpress/nor/,phishing
https://clintercsn.com/?gclid=EAIaIQobChMIrum21efG_AIVxdrICh2-0w8EEAMYAyAAEgIy_PD_BwE,phishing
https://monworkpage-isafelock.web.app/,phishing
https://sicherheitscheck-onlineportal-spk.info/de/home/login-online-banking.html,phishing
https://informativaportale.com/,phishing
https://sprobki.space/pl/poczta/8923057/982357/,phishing
http://sada1autoinsurance.ru/asdf/m8X4c7rOruxXuSYWAaMQXNpYQ==19-09-202212-38-20pm3803fe4e995ba53820d5309dd609ff4d2cc7b4d82702293091209e3ad38ed14abThYNGM3ck9ydXhYdVNZV0FhTQ==VUVzPQ==UGFraXN0YW4=VUVzPQ==m8X4c7rOruxXuSYWAaM/,phishing
https://zxzdsjnewi.duckdns.org/,phishing
http://34.72.129.252/CHANGE81276apc/home.php,phishing
http://www.aceeocon.aescoaoenn.kpvqlu.top/page1.php,phishing
https://myrobofranchise.com,phishing
https://hfmzoggxtw.duckdns.org,phishing
http://www.vivsisavccais.eae.vsddjm.top/LAuCvx4R/page1.php,phishing
https://nflsmuxmsg.duckdns.org/,phishing
http://www.veiscesecvaccarirsio.arvisevseacccooavsaoreosnnmeersc.hhxulg.top/k7OIMyJhEU/page1.php,phishing
https://ssmsdtlbie.duckdns.org/,phishing
https://nbauajfbnp.duckdns.org/,phishing
https://hvzwpbbvqx.duckdns.org/,phishing
https://fanattic.de/wp-content/plugins/wb/index.php,phishing
https://signinatt11.weeblysite.com/,phishing
https://odbrbidytj.duckdns.org/,phishing
http://www.viveevsvccai.vivscvcveaeii.tqmagv.top/LAuCvx4R/page1.php,phishing
https://fvuoeadluf.duckdns.org,phishing
https://partageetharmonie.firebaseapp.com/,phishing
http://nvidiacontrolpanelwin.com,phishing
https://sliiii.s3.us-west-004.backblazeb2.com/roundcube.html,phishing
https://768t798y0.9j0j090j09j.repl.co/,phishing
https://lg-onecom-io.web.app/#mrkubennaidoonn@workmail.co.za,phishing
https://viewy.servess.top/,phishing
https://franciscopereira.com/,phishing
https://brightonukdata.weebly.com/,phishing
https://pqyyehrceo.duckdns.org/,phishing
https://mavhyigkyt.duckdns.org/,phishing
https://kucoinxxpool.com/?bfp,phishing
http://de-service.id/de/legitimation.php,phishing
https://ellipticalrecentpiracy.dayana09430.repl.co,phishing
http://www.saaaisceesoe.sacseoicr.doobbu.top/k7OIMyJhEU/page1.php,phishing
http://securityexit.260mb.net/,phishing
http://www.visveaeaverrei.vivacrvecoisec.gzj8007.xyz/k7OIMyJhEU/page1.php,phishing
http://20503022222044.42web.io/?i=1/2022,phishing
https://pocztaspolskas176.lighmoggsynque.cf/?tranzakt38496,phishing
https://uscuvhakxo.duckdns.org/,phishing
https://3d2.ir/IDAHOCENTRALCU/,phishing
http://teamgoogle125590.psee.ly/3bx9tr?uaxi97dtneh142s40xq3x54he4jodvqs0vr7bvud8qghyps66w,phishing
https://lin01.bid/sw/w_11.js,phishing
https://0662906629.lbagencies.com.au,phishing
https://bvnhpghsst.duckdns.org/,phishing
https://pnayhstcay.duckdns.org,phishing
https://epic-liskov.68-64-160-26.plesk.page/,phishing
http://191.233.28.163/6167993b5ce96183b8315b538/product/SKU1672088790?e=1672742136,phishing
https://turmhof.at/,phishing
https://nousomme-5f3f6.firebaseapp.com/,phishing
https://marsonknit.com/MA.UIpayments/,phishing
https://vostwohncrim.ml/?d7EW,phishing
http://aave.promo,phishing
https://aaaa-9qg.pages.dev/,phishing
https://bafybeie3fosdtd3bn54pc5tntwubfg3f55sffjqqajftp7wiaxerkrrpgm.ipfs.dweb.link/customindex.html,phishing
https://karenxxxxxxxxxx23.web.app/,phishing
https://small-bread-5670.wvesadsdfdsfd.workers.dev/,phishing
https://smpfhukyua.duckdns.org/,phishing
https://kfqxlqehny.duckdns.org/,phishing
https://yapp2.godaddysites.com,phishing
https://rebrand.ly/6c3140,phishing
https://doubles.sellpass.io/products/ZW4LzmF9WAEB,phishing
https://lucid-galois.109-71-253-24.plesk.page/connection/secure.php,phishing
https://tangibleflippantquarks.banesscopanam4.repl.co/,phishing
https://digitalaccesactif.firebaseapp.com/,phishing
https://jehdomaqfs.duckdns.org,phishing
https://mdewflmpau.duckdns.org/,phishing
http://staratllas.site,phishing
http://www.viaaveseevacei.vivsvesicaserr.utshxs.top/k7OIMyJhEU/page1.php,phishing
https://photolifekids.com/,phishing
https://auth01-m.firebaseapp.com/,phishing
http://flufworld.give-minting.com,phishing
https://datoqtcnsx.duckdns.org/,phishing
http://florentine-capricious-glider.glitch.me/document-wtrans.html,phishing
http://www.aeoeeaaon.ascaesaona.ahtzjy.top/,phishing
https://bafybeicoh6dw56di5o6h7debalkpfrijbpgvlzpljyae6yxh3d42x5sxbm.ipfs.w3s.link/?_x_tr_hp=bafybeicoh&amp;amp;_x_tr_sl=auto&amp;amp;_x_tr_tl=en&amp;amp;_x_tr_hl=en-US&amp;amp;,phishing
https://bigwamhiax.duckdns.org/,phishing
https://favly-pet.meduccatacama.cl/#redacted@abuse.ionos.com,phishing
https://cidadelle.com.br/dkb/konto/login.php,phishing
https://www.vatio.cl/reviewrecentdepositnowvystarcu/,phishing
http://supportosistemaweb.com/,phishing
https://www.polkadot.network/,phishing
http://eminiverse.live,phishing
https://kgyvawkovj.duckdns.org/,phishing
https://binance-1inch.listviewss.com/,phishing
http://www.macesaeerd.365xvn.icu/page1.php,phishing
https://tomsic.hr/ncep.intn/login.jsp.php,phishing
https://sstpst035-ikamarsel1167281.codeanyapp.com/wp-content/uploads/G/trackid37829/,phishing
https://usps.zjuttyb.cn/query/express.php,phishing
https://x8830.infura-ipfs.io/ipfs/QmQsc7gTQZjf8yaMe3GgsBKDHfMzDT2Rt3UPCSBLuo2Cd7,phishing
http://orcadao.net,phishing
https://attverification2023.weeblysite.com/,phishing
http://www.vivsvivec.ve.mivuxa.top/LAuCvx4R/page1.php,phishing
https://monteazulmg.com.br/,phishing
https://uspsios.serveirc.com/verification/,phishing
https://accretiveconsult.com/gv/MyGov/,phishing
https://focused-ritchie.47-87-128-111.plesk.page/xhjil,phishing
http://permissionedchain.com/,phishing
http://porsche911-nft.com,phishing
http://www.waterstudy.org/ohio/,phishing
https://pdncvshahx.web.app/#abuse@example.com,phishing
https://klclnj.webwave.dev/,phishing
http://www.vivcecviasai.visvsai.1lvvvd.icu/page1.php,phishing
http://www.vsaivseeeiv.viacveaaaas.shxump.top/LAuCvx4R/page1.php,phishing
https://moneylog-2388b.firebaseapp.com/,phishing
https://successwithtarun.com/Service/,phishing
https://jonaspordesobediente.kink12xx.repl.co/,phishing
https://qzqdjfcjww.duckdns.org/,phishing
https://varundeep.com/,phishing
https://canfang.com.cn/,phishing
http://www.eki-net.comn-aesaccceeaaa.ehnmzj.top/jp.php,phishing
https://falabella.cl-clientes-inicio.co/,phishing
http://www.wpwares.com/MyGov/otp2.html,phishing
https://cvf.testist.top/,phishing
https://www.lidance.co.il/ab/?r=recruitment@jmjgroup.co.in,phishing
https://account.xwghz.com/jp.php,phishing
https://mtb-247-sec00.web.app/,phishing
https://dmcekatzsu.duckdns.org/,phishing
https://nuovavisura-cliente.com/,phishing
https://dimension-section-a6304.firebaseapp.com/,phishing
https://quick-swap.godaddysites.com/,phishing
https://fancy.bibirgadangdicipok.workers.dev/,phishing
https://wzoubxxqzs.duckdns.org/,phishing
https://brainwing.in/,phishing
https://bafybeidipdxylvjhxn7fb3xmvo5c3jfn7dn6yebbiajjot6dbwod6sft3a.ipfs.dweb.link/,phishing
http://wgeqadwdno.duckdns.org/,phishing
http://slorjmknei.duckdns.org,phishing
http://7b08c.curiaclube.com/,phishing
http://metamask-partenaires.com/connexion,phishing
https://acredicoopbr.org/app/,phishing
https://www.wrglass.com.br/postdie/diepost/de/Packaging/manage/index.php,phishing
https://zikooooo2-7ae2d.web.app/,phishing
https://www.grsmvt.cn/,phishing
https://jdhdhdp.weebly.com/,phishing
https://currently-mail.webflow.io/,phishing
https://sk1-ris.web.app/,phishing
https://bswap-finance.web.app/?ref=godson,phishing
https://pachosuwqc.paciashasd.repl.co/,phishing
https://teammelonhead.com/,phishing
https://ascee.org.gt/do/,phishing
http://bhczp.com/,phishing
http://www.myjacsceb.myjaccb.nxkka.top/,phishing
https://goldenwooddesign.com/mfaValidate.php,phishing
https://ndeyvcprogram.hskimd.repl.co/,phishing
http://centertreecounseling.sa.com/konjik/a8u,phishing
http://tecnotan.com.br/cncn/ExcelSecuredfile/ExcelSecuredfile/page.php?email=,phishing
http://indigobuilders.com/wp-admin/fav/de/info.html,phishing
http://tcnynxifqn.duckdns.org,phishing
https://aiockis-joy-6.gq/profile/,phishing
https://support.ke/,phishing
http://www.aceeeaeon.caeesccroceno.bohoqn.top/page1.php,phishing
https://tuiniytldy.duckdns.org,phishing
https://apikqq.sa.com/ap/index.html,phishing
https://app.instantfix.net/wallet.php?type=metamask,phishing
https://deportesregol.repl.co/,phishing
https://www.apollox-dex.com/,phishing
https://qjmlyvrmcf.duckdns.org/,phishing
http://www.vivevaasvcsi.aa.sknais.top/LAuCvx4R/page1.php,phishing
https://id.woooh.fr/uVeRx,phishing
https://trbggbtlih.duckdns.org/,phishing
https://whoyouac.icu/,phishing
http://unjardinideal.com/,phishing
https://welloffrottentrialsoftware--pendiente77.repl.co/des/index.php,phishing
http://www.acceeeon.accaccsa.hijfcd.top/,phishing
http://qzghnnhjzl.duckdns.org,phishing
http://l6bzuo.webwave.dev/,phishing
http://4pforange.byethost14.com/,phishing
https://w3.smartcoitech.com/wallets/,phishing
https://s.ekln-sace.icu/jp.php,phishing
https://ute1fj.shop/query/express.php?query=9214551183212,phishing
http://reschiastudios.com/-fr-/,phishing
https://page-verify79.firebaseapp.com/,phishing
http://edbrooks.graphics/dither/,phishing
https://allegrolkallnie.loyrafwademoshe.cf/?tranzakt39906&amp;selectedbank=7,phishing
https://serviceadhelpmeta.web.app/,phishing
https://requestredeliveryassistances.com/,phishing
http://seaclaim.vip,phishing
https://onne.link/hipertensao,phishing
https://02851ffc-054b-4adc-8aac-a58327966d3d.id.repl.co,phishing
https://ozhduhjhdh.duckdns.org/,phishing
https://rgt2pro.com/Magalu/,phishing
http://water.gstore.com.au/mygov/,phishing
http://solanadrop.org,phishing
http://crusalstecks.ml/dobe/index.html,phishing
https://www.support.mx-ck9.info/la/djGuM,phishing
https://dappsappplug.firebaseapp.com/,phishing
https://qneeunriup.duckdns.org/,phishing
https://case984932423.web.app/,phishing
https://credelesccoop.blogspot.com/,phishing
https://bfse-5378c.web.app/,phishing
https://lko-101454.weeblysite.com/,phishing
https://gzmsaqfwoz.duckdns.org/,phishing
https://novembromagazine.com/589458/512361o/product.php?sku=6320811,phishing
https://managehostng-customer.malugani.com/aspnetclient/aspnet-client.php,phishing
https://jwvlrpcavk.duckdns.org,phishing
http://45.55.167.181/MegaOfertaDigital/?email=mxail@mailx.net,phishing
https://chckmailabig1.firebaseapp.com/,phishing
https://may-au.com.nbgrso.top/m/index.php,phishing
http://www.viaaveceesavceei.visvsvceasiraser.piicje.top/k7OIMyJhEU/page1.php,phishing
https://servic-4096.awuqohsjo9847.workers.dev/,phishing
https://ivestpro2022.com/urnantbu/switch-step/8,phishing
http://www.rasekotncon.rakaseooueea.6rtqht.icu/uWBRvZ8quj/page1.php,phishing
http://www.zyetpyaq.beget.tech/,phishing
https://pv0uck.webwave.dev/,phishing
http://love-and-sex.com.usrfiles.com/html/0f7405_b6252ec12368ac8e16813450812b765b.html,phishing
http://texpetrel.com/iWPUnX,phishing
https://tabwjwq78282hjwq09201jjakak89102rh.myportfolio.com/,phishing
http://www.visasoccaicesiver.ooaesc.ckfbs.icu/k7OIMyJhEU/page1.php,phishing
https://lev.sitify.top/,phishing
http://wucnow2.vip/,phishing
https://www.taiwanlotterys-tw.com/,phishing
https://etc-fefxcvfht.faqserv.com/,phishing
https://jnpo-st.654542122.xyz/e8yjnzbe,phishing
https://dieetpsovo.duckdns.org/,phishing
http://blizart.pl/images/ImOpt/index.html,phishing
https://fentechusa.com/utep/PPDDF/,phishing
https://tfwwthylrn.duckdns.org/,phishing
https://bragativoe.firebaseapp.com/,phishing
http://www.shopeestore.online,phishing
https://pro.sociasyrossello.es/upload/,phishing
http://emirates-group.in,phishing
https://ver-2ji.pages.dev/,phishing
https://achirlaf.tk/,phishing
http://preppingconfidence.com/,phishing
http://emissionebprcard.com/bper/,phishing
https://livepagebpritalia.com/,phishing
http://banre.odoo.com/bantrabhn1,phishing
https://sprinkletoday.com/safety/,phishing
https://jashmbaeva.duckdns.org/,phishing
http://halloween-rtfkt.com/,phishing
https://tteywhhaksjjwoou4729h1000jsghbddzxxsssssssqwzjjywqooqkaklm.pages.dev/NvvnNcNzXwnrRqqdQbfgXtqxdCMSnBFpMwhtCQRRgJgqcbTX.php,phishing
https://cznxyfvuvn.duckdns.org/,phishing
https://access.onlineallure.com/Service/,phishing
https://exodusweb-pro.com,phishing
https://rcube111112.web.app/,phishing
http://20.84.112.206/HOME/HOME/dist/mobile,phishing
https://dev-conmfir-bisaeplus.pantheonsite.io/,phishing
http://www.veiscvcecaascirir.voiarsvaecsvscioaooeosnrmernesc.tgmqlg.top/k7OIMyJhEU/page1.php,phishing
https://www.abn7.net/smscode.html,phishing
https://lps.nmbr-one-coffee.com/vppp_7227_1_es_pe_nnf,phishing
https://www.apestakeapp.ml/,phishing
http://koqsjxnilc.duckdns.org,phishing
https://packgeredelive.com/,phishing
https://forms.yandex.com/u/632369462f113e5cc904674d,phishing
http://cryonfts.com,phishing
https://customer-center-34242.web.app/app.html,phishing
https://www-biccamera-com.xdtylc468.com/,phishing
http://broadusent.com/wp-content/CFI/urbanchocs.html,phishing
http://www.bismarcktransportationservice.com/,phishing
http://www.bitcoiniracontrat.top/,phishing
https://www.thepfeils.com/jp,phishing
https://hgfrrljeso.duckdns.org/,phishing
https://qp1ctm.webwave.dev/,phishing
https://bukae4.webwave.dev/,phishing
http://sss51.alphagg7.cyou/,phishing
http://www.aceeeaeon.caeesccroceno.ctgmba.top/page1.php,phishing
https://gilroynapoli.com/vithai/login/KTBBannk/login.php?cmd=login_submit&id=5629d9b8b379770944d7c2001ea8bf3a5629d9b8b379770944d7c2001ea8bf3a&session=5629d9b8b379770944d7c2001ea8bf3a5629d9b8b379770944d7c2001ea8bf3a,phishing
https://onedrivelseeattachfile.web.app/,phishing
https://board-sale.com.ua/php/office-new-RD85-real1-head-footer-OBST-auto/,phishing
https://account-check.co.jp.eektrx.top/,phishing
https://duplicatedurden.com/,phishing
https://flimsyblushingability.surte22.repl.co/,phishing
http://www.aceaeon.aescocon.aoweky.top/page1.php,phishing
https://www.security-sfr.com/login.php,phishing
https://nucartaonovoslimiteshj.azurewebsites.net/error_reporting.php,phishing
https://connecct-login.vladanfilipovic.com/,phishing
http://the-faturasmagasemprecomvoce.info/,phishing
https://jigwuwbwlg.duckdns.org/,phishing
https://sheinpromo.company.site/products/25-PROMO-p393118128,phishing
https://kilkanrisina100288124.firebaseapp.com/,phishing
https://ezkjaoorii.duckdns.org,phishing
https://case1001056218521564552966.web.app/,phishing
http://www.dnata.florenceuniversal.com/,phishing
http://100089741036298.my.id/,phishing
https://simrogis.space/pl/poczta/8923057/982357/,phishing
http://pancakeswap.com.cm,phishing
https://long-mud-3e97.kkdqhau8.workers.dev/,phishing
https://tuneyourcell.com.ar/galilog/index.html,phishing
https://autumn-waterfall-48b2.purchase-doc-blliblju.workers.dev/,phishing
https://linaho.tk/2bdfc,phishing
https://www.ak3.duckdns.org/,phishing
https://megaofertasvirtuais.com/589458/422210y/product.php?sku=4430276,phishing
https://grp02-id-rakute.co.jp.gmfvdph.cn/,phishing
https://galicia-ingresa.gpconsulting.com.ar/+hjgtr/,phishing
http://www.saiaeecn-co-jp.acaecesen.dzyfvi.top/,phishing
https://oeofjztdiz.duckdns.org/,phishing
https://bafybeifkgqoc4b3kmmklg2vhdopi5jzz3gik26narhilbtfem7hqgyqjim.ipfs.cf-ipfs.com/,phishing
https://sxhnrpmahg.duckdns.org/,phishing
https://southbaywedding.com/202232/40/xc/c4/data/office.php,phishing
http://cfoypduhbl.duckdns.org,phishing
https://gsuanemausgca.dvrlists.com/index.php?pwd=bnp,phishing
https://atofo.weeblysite.com/,phishing
http://9837687563--082935.repl.co,phishing
https://qwertertyrtyutyusdfgdfg.square.site/,phishing
https://my121-site1820-home-106648.weeblysite.com/,phishing
https://bper-aggiornare-cliente.postservapp.com/,phishing
http://www.au-pacccy.aeeauacoaocmeoy.hcfugu.top/AU/page1.php,phishing
https://keeslersec.life/Protect/Keesler/index1.php,phishing
http://www.aeeecan.ascceecon.tpojjs.top/page1.php,phishing
https://pvzrzjnndh.duckdns.org/,phishing
https://goodsallegrol0-kalnie.7567576.xyz/ehskymzt?from_sms=1,phishing
http://exodus.bluwriters.org,phishing
http://brunarafaella.shop/,phishing
https://kocsymcoyp.duckdns.org/,phishing
http://www.aseeoa.acsceseo.uwskpn.top/page1.php,phishing
http://vbwzrfb-qwo-2.gq/office/,phishing
https://zyqultskzd.duckdns.org/,phishing
http://quentinroadszx.buzz/Dressforsuccessdallas/,phishing
http://103.50.160.203/areaprivata.php,phishing
http://mqnvkdwktw.duckdns.org/,phishing
http://www.macesaeerd.e5susf.icu/page1.php,phishing
http://www.accceson.ascsccna.uyylmo.top/,phishing
https://m.recovery.saftypageupdate.workers.dev/,phishing
https://serviclientelsu2023.myclickfunnels.com/servickuentk,phishing
https://sh4203492.c.had.su/credit-agricole/credit%20agricole/fr/6b2114896794e99/region.php?lca#6b2114896794e99b5,phishing
https://erholung-postbank-2827-de.web.app/,phishing
https://bom.so/SZl3OK,phishing
https://1imch.tech/1fbb0898e2,phishing
https://cof.felain.top/,phishing
https://wkugvjbakp.duckdns.org/,phishing
https://activiat-mkb.cyou,phishing
http://regal-hyper-show.glitch.me/fchjsdc.html,phishing
http://www.saicocn-co-jp.aasoonse.dmkqui.top/jp.php,phishing
https://lhj.sitify.top/,phishing
https://www.dev.interiorconceptsideacentral.com/22/doc_invoice.html,phishing
https://esvhwubije.firebaseapp.com/,phishing
http://instagram-help-23.ml,phishing
https://abeeimport.com/,phishing
https://jczdahidlw.duckdns.org/,phishing
http://www.aseeaocon.acccseenaso.xpref.top/page1.php,phishing
https://v-efaxverification.vercel.app/,phishing
https://aicxtix.weeblysite.com/,phishing
http://metamaske.pro,phishing
https://royal-change.net,phishing
https://fbcase-345432534534534345343.web.app/,phishing
https://dxrzdfjhzi.duckdns.org/,phishing
http://speedy5.world/PayMyDoctor/,phishing
https://www.puncaekswepp-excharge.foundation/,phishing
http://bhgxzberui.duckdns.org,phishing
https://application.axisbank.co.in/App_redirect/redirect.aspx?id=excesscredit,phishing
https://posgradoune.edu.py/domain/webmail/,phishing
http://www.saicsacseoe.sascsecoaias.cjsuye.icu/k7OIMyJhEU/page1.php,phishing
http://www.vivevaasvcsi.aae.jttieh.top/LAuCvx4R/page1.php,phishing
https://vjipbkbxjm.duckdns.org/,phishing
https://plastycare.com/Service/,phishing
https://dacetnroj-gemes.com/,phishing
https://attwebversion.weebly.com/,phishing
https://vjnte-d-shopping.326501222.xyz/gvvdfxjp/switch-step/7,phishing
https://shoppingdatv.shop/login/seguranca.php,phishing
https://ro3g7z.webwave.dev/,phishing
https://assistance.mon-compte.axrnv.com/,phishing
https://gwocnzmmlp.duckdns.org/,phishing
http://www.aeesacn.aseccconen.ewpfb.top/page1.php,phishing
https://docsreceived.myportfolio.com/,phishing
https://irs-federal-taxus-information.com/home,phishing
https://gfufqalhph.duckdns.org/,phishing
https://ordinary-familiar-hole.glitch.me/?emailid=example@zcu.cz,phishing
http://forlenewoods.com/includes/sys/?cliente=acobenz@uol.com.br&amp;key=72a55800915bf2f53d49480734cdf304,phishing
https://www.shop-98.ir/VerificaBancaAgricolaPopolareDiRagusa/,phishing
http://www.huntingtonverificationcustomercare.elpastelero.co/,phishing
http://www.vsvievsccaiv.viascvevesasi.oozlqr.top/LAuCvx4R/page1.php,phishing
http://wdasjnrvbh.duckdns.org,phishing
https://rjsazurgna.duckdns.org/,phishing
https://ayudaalosperros.filesusr.com/html/b2766a_ddd3079eb13b048ee9de3517a759b9aa.html,phishing
http://protocolactivac.hostfree.pw/,phishing
https://enlinea.3validacion.repl.co/,phishing
http://www.aeoceaaon.ascseseona.wmtgsk.top/,phishing
https://akamdebrzv.duckdns.org,phishing
https://gammer-maniia.myshopify.com/,phishing
https://paylah.cc/,phishing
http://fanoal.tk/p/mail1.php,phishing
https://dogapartswp.sw6.llocweb.info/edd/card.html,phishing
http://zskync.com,phishing
https://enmutlutasarimlar.com/xxauieirn/,phishing
https://www.tenisbrooksbrasil.com/index.php?main_page=login,phishing
https://qhvxkkfphe.duckdns.org/,phishing
https://www.etdc-co-tdance.pdoaaao.cn/jp,phishing
https://ibank.ziraatbintl.com/,phishing
https://savagenation.shop/,phishing
https://megaway.start.page/,phishing
https://zaqabcoint.duckdns.org/,phishing
https://mpvkvpaymi.duckdns.org/,phishing
https://omawpwcxaf.duckdns.org/,phishing
https://vwwaave.com/,phishing
https://bhce6t.webwave.dev/,phishing
https://zefibhwueo.duckdns.org/,phishing
https://blkbhik.weeblysite.com/,phishing
https://jkvmpkdgii.duckdns.org/,phishing
http://0432333.com/,phishing
https://vps25526.inmotionhosting.com/~prapti/mqs/Access/MailUpdateFresh/index.html,phishing
https://thanhlongbayland.vn/wp-content/uploads/2022/10/oboybnl/LiinkedInhardest/900,phishing
https://red-cloud-e2f8.ls7lqn9c7536.workers.dev/,phishing
https://nyxsf7.webwave.dev/,phishing
https://bxcajyquhc.duckdns.org/,phishing
https://rgggpevwev.duckdns.org/,phishing
https://laqbel.frakztion.loving-panini.23-147-226-120.plesk.page/YasWmine.MoqGuet/GGomXez.StepKhere/Pr,phishing
https://construvaej.fun/nefe/,phishing
https://opensee-blog.io/security-issue/,phishing
http://361517517777662.my.id/,phishing
https://xserver.xpanel.co.jp.orcam.cl/,phishing
http://napa.hn,phishing
http://www.viaaaaveesevcesei.vivcacsveersaoir.umkykk.top/k7OIMyJhEU/page1.php,phishing
http://crimson-breeze-afd1.cleotilde913.workers.dev/?bbre=ozidsuizoxsa,phishing
https://8vs.co/1b1hU2,phishing
https://ljntewljdv.duckdns.org,phishing
https://remyvn.github.io/demoweb,phishing
http://www.xtraillconver.com/,phishing
http://www.bancornetwork-fi.com,phishing
https://sba-t3d.web.app/,phishing
https://sushiswfsdfgdfbc.weebly.com/,phishing
https://www.secuumi-mne.xyz,phishing
https://fespopisti.weebly.com/,phishing
http://allblockchaindapp.godaddysites.com,phishing
https://skkkens.com/inicio/,phishing
https://stephaniesmythe.com/adobe-doc-file-sept-2022-doc/updates/,phishing
http://wer.prolocomonteverde.it/home/file/,phishing
http://www.eki-net.con-aescccceeaas.czatfo.top/jp.php,phishing
https://centauro.devisual.com.br/,phishing
https://empty-river-9729.qm4e2oon.workers.dev/,phishing
https://0utlookfolders-partyreflection.web.app/,phishing
https://desenhoonline23.blogspot.com/?gclid=EAIaIQobChMIoePDqoTs_AIVgeDICh1cBQwJEAAYASAAEgK-ZvD_BwE,phishing
https://thfozmmmdt.duckdns.org/,phishing
https://bremebremeseret.web.app/,phishing
http://www.myjacsosb.myjoccb.ipqcdt.top/,phishing
https://login-twitter.com/,phishing
https://f20b5bf4-f7cd-43cb-a2f7-927c36f5f60d.id.repl.co/,phishing
http://royaleboxm11.com,phishing
http://www.saacsecsesoe.sascasceoeai.kwrtwl.shop/k7OIMyJhEU/page1.php,phishing
https://qfcu7a.webwave.dev/,phishing
http://amnaamqccc.duckdns.org,phishing
https://calprivybank.com/jeff6/New.php,phishing
https://tngamrddax.duckdns.org,phishing
https://asfsad.dfassda.repl.co/,phishing
https://cjmjociuch.duckdns.org/,phishing
https://hk-poshmark-aka.com/#/,phishing
https://ads-manager-case83400917.firebaseapp.com/,phishing
https://checkpoint77104505-review.firebaseapp.com/,phishing
http://www.vsvieivscaceeiv.vciaseveeaasais.ildcfw.top/LAuCvx4R/page1.php,phishing
https://jrpdf5.webwave.dev/,phishing
https://lakeportsecretary.wixsite.com/at-t-yahoo-service-s,phishing
https://www.amau-co-lainksdn.iqxivt.top/,phishing
http://www.saaaisceesoe.sacseoicr.4-4-j-tyu-uyt.xyz/k7OIMyJhEU/page1.php,phishing
https://estilmenut.com/MY/GVC/,phishing
https://manuelpadrinofisioterapia.com/Qatar/ar/,phishing
https://paooacoer-app.zsenletvahol.cf/,phishing
https://file-cloud-download.remit-advance.workers.dev/,phishing
https://btrxhbevmk.duckdns.org/,phishing
http://nodomain.com,phishing
https://villelarusaparts.com/,phishing
https://requestuspusppepostsrvicesid03912.oznemedya.com/,phishing
https://leapshch.blogspot.com/,phishing
https://bawburyfencing.com/nneo/,phishing
http://www.saiseocn-co-jp.accaordese.qwzkpo.top/,phishing
https://etc-wwqqaasx.zyns.com/,phishing
http://sms-get.net/ushco,phishing
http://fiuff.world,phishing
http://pleaselist.co.vu/,phishing
http://xn--goge-rqa98b.com/,phishing
http://qwertyuihgfdsxcnbv.weeblysite.com/,phishing
https://psd2022-be3853.ingress-earth.ewp.live/,phishing
https://shakespeareyouthclub-4958c.firebaseapp.com/,phishing
http://www.saaccecaicsairncr.soreaacsieosnaiciaoeaosesonseosiren.itmoow.top/k7OIMyJhEU/page1.php,phishing
https://daycoval.contrato.srv.br/#/,phishing
https://logistik.bpbd.boyolali.go.id/Cloudvoiceclient/sfrmystic/sfr/www.sfr.fr-login-return_url/index.html,phishing
https://axqlijflgx.duckdns.org/,phishing
http://algerclub.mintcollab.com,phishing
http://veranope.wwwaz1-ss44.a2hosted.com/,phishing
https://energy.bill.mygov.au.vic-wa.com/gold/info.php,phishing
https://www.tracker.dhsgovn.com/,phishing
https://onemoment365.com/,phishing
https://ketccfgxyd.duckdns.org,phishing
http://www.myjeasccseooseb.omyeesjcaoseeseb.gnpais.top/uWBRvZ8quj/page1.php,phishing
https://messari.cx/,phishing
http://demo.neuanfangen-jetzt.de,phishing
https://arcelormittal-7c364.web.app/,phishing
http://www.vivsvivec.ve.rcbiet.top/LAuCvx4R/page1.php,phishing
https://portalsete.columbie.repl.co/,phishing
https://assurance.pics/ameli-c/?eml=&il=ok,phishing
http://www.engagedcapital.ca/dpd/,phishing
https://elc.blwcampusministry.com/grp01.id.rakuten.co.jp/jp/,phishing
https://jxuogltqgu.duckdns.org/,phishing
http://nodesdatas.online,phishing
https://lucky-rice-73a8.bizd134.workers.dev/,phishing
https://opensid.bandungkab.go.id/verify/citizen/,phishing
http://www.vivevasvsi.c.gtuohh.top/LAuCvx4R/page1.php,phishing
https://gvmntirsrnfd.com/home,phishing
https://binarypiano.com/,phishing
https://itaupyseguridad.mariamoreno23.repl.co/,phishing
http://sheinofficialsite.com,phishing
https://sharedpointonlineauthentication.netlify.app/,phishing
https://web.ib.mizvhibannk.co-jp.xfyike.com/miziha/index.html,phishing
https://ncivnwfjzf.duckdns.org/,phishing
http://www.accosnen.aseaccen.agogog.top/,phishing
http://netflix.elburoj.com/app/login.php,phishing
https://foreverunique00002.web.app/,phishing
https://fshitnl-kxi-9.cf/choiceone.co/,phishing
http://www.vaiccvsaiccairccrasoria.viiessvaaciraoecinivraoeaosesonseosiren.qmzrde.top/k7OIMyJhEU/page1.php,phishing
https://domainaccess.net/,phishing
http://www.au-pacccy.aeeseacoaocmeoy.ctwyvq.top/AU/page1.php,phishing
https://hounbvc-c7661.web.app/,phishing
http://6d6c157f-f89c-43ae-8a03-8e051daccc7e.usrfiles.com/html/ffd2d7_b72fe3e8bf2c0076bb2a29ead8e30801.html,phishing
https://jvustcwmdq.duckdns.org/,phishing
https://verifikasi-pemblokiran40.webnode.page/,phishing
https://authval.flazio.com/,phishing
http://www.vivieevscaveeai.vcivsevceaaaeii.fzctif.top/LAuCvx4R/page1.php,phishing
https://wktprhfhik.duckdns.org,phishing
http://preventivahealth.com/document/,phishing
https://zoogid.by/modules/statslive/statslive/e/portal/clients/login.php?verification#_login&amp;appIdKey=bcb7be9b3186752&amp;country=RO,phishing
https://cvudvpomgz.duckdns.org,phishing
http://www.mobile-nbg.info/idiwtes/el/,phishing
https://fermalife.com/wp-admin/maint/panel/Re613351436/Waiting.php,phishing
http://www.shein.bid,phishing
http://automigrates.com,phishing
https://qprmlnyjhh.duckdns.org/,phishing
http://www.vsvivsceeiv.viasveaasas.tndado.top/LAuCvx4R/page1.php,phishing
https://sweetflippantaddin.rgystre3.repl.co/des/index.php,phishing
http://www.macesaeerd.1bmro5.icu/page1.php,phishing
https://loginscreen1.godaddysites.com/,phishing
https://bafybeib5z4bugvpud5oeiesdap5ppqgabwdelqigxpe6qwpru5nnq2u4uq.ipfs.w3s.link/,phishing
https://eilbcvqtkm.duckdns.org/,phishing
https://erste-interju2023.com/,phishing
https://ogltpsblqt.duckdns.org/,phishing
https://dkb-banking.biz/banking,phishing
https://8234fbbda9e8.godaddysites.com/,phishing
https://verificationmailupdatebells.godaddysites.com/,phishing
https://case-id.1009865106305206930.com/?fbclid=100061561029610952,phishing
https://yuhh-b49cd.firebaseapp.com/,phishing
https://qontomsg02.web.app/,phishing
http://www.viscvaaaeier.vaecevvasveoir.uxhejc.top/k7OIMyJhEU/page1.php,phishing
https://managerhosting-aspnetclient-aru.beltrami-web.it/managehosting/,phishing
http://www.vsveevvcsceoeiasvcia.cea.ukohwk.top/k7OIMyJhEU/page1.php,phishing
http://www.au-paany.auccaom.hazqsp.top/AU/page1.php,phishing
https://bncpromes--prorkrmmeriass.repl.co/,phishing
https://780030.selcdn.ru/owa/ovva8.html,phishing
https://rcdsegyegbd21.godaddysites.com/,phishing
https://lvkobf.webwave.dev/,phishing
https://cvbcvvvv.weeblysite.com/,phishing
https://jmmzii.webwave.dev/,phishing
https://cstvc6.webwave.dev/,phishing
http://www.vivsveiscesn.visacscevsvei.yetbrg.top/uWBRvZ8quj/page1.php,phishing
https://63c811360480b500602ee9ba--imaginative-profiterole-fe0e20.netlify.app/,phishing
https://bailleyesscoold.web.app/,phishing
https://rpinmbwjtw.duckdns.org/,phishing
http://www.myjaescccoiasoensoeob.ceosnacoen.recordd.icu/k7OIMyJhEU/page1.php,phishing
https://descontosevida.com.br/,phishing
https://bafybeicukxxyioavcfzksokz3udeo6xh7q6bfftpyoksbopvlehcwhuydy.ipfs.w3s.link/htm.html,phishing
https://dizjutvkcv.duckdns.org/,phishing
https://buenosaires.updatesar.repl.co/,phishing
https://fitbconsulting.com/jp.php,phishing
https://creditagricole-espaceclient.zone51libere.online/go/,phishing
https://k9playnstay.com/brassmecanique/index.php,phishing
https://dgbijvpsof.duckdns.org/,phishing
https://rpublic.brot-ebk.repl.co/,phishing
https://clutchbaseball.com/jira/example@example.example,phishing
http://small.cat/route,phishing
https://mmc-care.com/,phishing
https://zklcplynuc.duckdns.org/,phishing
https://deeluxeetorolh.firebaseapp.com/,phishing
https://www.magalidritribuidora.com/,phishing
https://bernarsonic.github.io/facebook-inicio/,phishing
https://summary-protocol.report-accts-notification.workers.dev/,phishing
http://www.grandcitypalacehotel.com/components/nsjdjd/FEDEX/,phishing
https://dfghbnmo2kigy4eiwidbhkd.weebly.com/,phishing
https://blacknativebeauty.com/MkQ3VTh3MW8xTDdWOUI=,phishing
https://toneroe.net/,phishing
https://swindonresinboundandpavingcompany.co.uk/confirm1/,phishing
https://kiba.tools/,phishing
http://www.veiscvsecvaeccrirasoiar.viessvacoeooacvnaroeonsnmeersc.tikoig.top/k7OIMyJhEU/page1.php,phishing
https://sectcgoqdo.duckdns.org/,phishing
https://getexodus.top,phishing
https://b000383.0000bl000.repl.co/,phishing
https://userattyahoo996066.weeblysite.com/,phishing
https://pjepimrilw.duckdns.org/,phishing
https://greenenergy-sharedrive-0utlook.web.app/,phishing
https://pmb.akamigasbalongan.ac.id/mtb/login.php,phishing
http://sad-blackwell.31-207-33-97.plesk.page/credit-agricol/region/6b4209f4949c2f7/region.php?lca=,phishing
https://stuery-sciung-schruirs.yolasite.com/,phishing
https://wes.csdnet2.com.ar/,phishing
http://did57sauveton.wixsite.com/my-site,phishing
http://live-secu-00.ihostfull.com/,phishing
https://os8ure.webwave.dev/,phishing
http://www.saiaeecn-co-jp.acaecesen.adrcpu.top/,phishing
https://erc.eurex-pro.com/,phishing
https://eplanning.melawikab.go.id/ch/info.php,phishing
https://newmemberfree45.16-b.it/,phishing
https://renouvellementvitale-ameli.fr/,phishing
https://portal.kastlfel.com/tax-services-clients.ids.gov/start.html,phishing
https://zqtvcbzovp.duckdns.org/,phishing
https://netwokk01.firebaseapp.com/,phishing
https://samsunmechanical.myportfolio.com/,phishing
http://itauconfirmarbanca.eu5.net/,phishing
https://q9vk0h.webwave.dev/,phishing
http://www.myjceasareaoecb.cao.gafuwd.top/uWBRvZ8quj/page1.php,phishing
http://sheinqueen.com,phishing
https://amh.takeoutlive.com/,phishing
https://kicuoslhje.duckdns.org/,phishing
https://bnfrvdasij.duckdns.org/,phishing
https://owashdy.web.app/,phishing
https://youssd-t375.firebaseapp.com/,phishing
http://ttuuxqtupq.duckdns.org/,phishing
http://www.vaiccsvaiccairscri.orvaisvieascaccivsoioaoeaosesonseosiren.gt0hs9.icu/k7OIMyJhEU/page1.php,phishing
https://qrr.to/ce0daacf,phishing
https://erguvantemizlik.com/ff/,phishing
http://payment-6f246e98dhl.bridgestonepoint.com/?serv=6f246e98/,phishing
https://forrestperkins.com/wp-content/251/604b7dd59afa242436e87f4106f4f4b9/execution.html?validation=e1s1,phishing
https://www.222pin.com/jp,phishing
http://4753.tiberiusresidence.ro/#user@example.org,phishing
https://ltcqcioivs.duckdns.org,phishing
https://sgb24.biz,phishing
https://un5gigtmqfc.000webhostapp.com/index.php,phishing
http://intesanpaolo.ventadronagricola.cl/,phishing
http://app-klein.knloazatuo-wg96gv0gm6oy.p.temp-site.link/,phishing
http://bjoerk.co.uk/wp-includes/sfr/www.sfr.fr-login-return_url/index.html,phishing
http://yomost.ff.garena.site/5e639299a5d5962b44d2d400dcd2ef29,phishing
https://mdthbhjdff.duckdns.org/,phishing
https://bardt.yuykj.repl.co/,phishing
http://bafybeic4g24hwx3ycl3z76eyymzdwdpbyzwjl3kw66obggmo52kngkv26m.ipfs.w3s.link/,phishing
http://tendervalidpatterns--importantes225.repl.co/,phishing
https://attmailupdate473ure.weeblysite.com/,phishing
http://securefix.info,phishing
https://tgtdikmbli.duckdns.org/,phishing
https://uniswapreward.org/,phishing
https://boetebzojt.duckdns.org/,phishing
http://www.au-pacccy.aeeauacoaocmeoy.islxvm.top/AU/page1.php,phishing
https://enordrevrais.firebaseapp.com/,phishing
https://aguayproyectos.cl/kvk-aanvraag/,phishing
https://setupmynorton.square.site/,phishing
http://www.jcb-co-jp.sceesneiesa.cwtqgk.top/,phishing
https://nutriselfagro.com/successo.php,phishing
http://cq35806.tw1.ru/,phishing
http://update.information.dav1n4.live/?tax-relief-in-disaster-situations-profileid=5410773,phishing
https://lacxeqldff.duckdns.org/,phishing
https://chat-whatsapp5172.xbaru.icu/id/,phishing
http://81.19.136.231/,phishing
http://h9579587.bget.ru/,phishing
https://mfdvg9.webwave.dev/,phishing
https://bafybeidiqbokbxtvf33eitczla5vze76o5gwaozhoqi6r3wjtpyawfdk7q.ipfs.dweb.link/,phishing
http://103.155.92.150,phishing
https://www.bawin.com.tr/RAK/cb85ffe94913c3a78e8ed67d36da88ea03a707ae8305d757a783099743b98934cb9946f0a8354a4f94a2597a7399efa9/,phishing
https://nponbd.com/iin/inet/,phishing
http://crrs-cargo-423.es.swtest.ru/i/,phishing
https://newimmill.square.site/,phishing
https://orangebank.mailerpage.io/,phishing
https://sthaarekh.github.io/Facebook.clone/,phishing
https://mnqvshpmpk.duckdns.org/,phishing
https://whm.razkodelice.piraminds.com/108.167.183.27/bp/,phishing
https://banresedeeeaas.banrsreresea.repl.co/,phishing
https://sbndjurxjk.duckdns.org/,phishing
https://awew-bcf84.firebaseapp.com/,phishing
https://dtzriypcsz.duckdns.org/,phishing
https://bendego-au.com/pages?p=password,phishing
http://www.viaavsveecei.vivsvesicr.rolling37.xyz/k7OIMyJhEU/page1.php,phishing
http://www.aeesacn.aseccconen.vmazao.top/page1.php,phishing
http://superrare-market.com,phishing
http://metabridger-wallet.com,phishing
https://email.c.kajabimail.net/c/eJxlkU2O3CAQhU9jbyJbUICNFywSzYyUdQ5g8VOeYbobPICj9O2D3c5EUSQWRRU8fe8V3rS_zglz3JLF2TsFlE8jJ8Bki8cw48eG4TFsUdFh4ABiEqTV6zoHfUN10e_a-C6XmHBJMZTcrSm6zRYfwynzr_SbstI4KulCAIDrkSIXVBthRqSGSb2c38p9RfW8l99S1M7qXNrsy0FDGSOEt1f1VsqaG_a1gZd6Klb_IOptvNWGrUTallxLACnpQEcu6iVvJtvk152yYS_Ou4Y9yYlLNhDGZANDvvh1tldvL3NJ2l58eK1PStqwDrft-GAHTjUK0RE5Ysct6k4Tgx3KCRwsi2BWtjfMWb9iDTM4TLOL1VFQ9uTc7fUBy-nZ4dX_xHTfPf7FOYd_lI5gHi3zmUxSNv66N5zsAn2IbVE_alhfvj81wM64Elq_egzlWMlnHq1XUHdBJhiACCmmfrSGsAUGOw2ghRZV9j9gp4RwzvwGHcW8tQ,phishing
https://dispatchgoods-1npost.06221541254.xyz/2wifvxv0?from_email=1,phishing
https://privat.dein-portal.session.de-weiterleitung.chess-builder.ru/session_sid/dein-portal/0cd4e2a4629270abf04ea8083b0a7497/home/,phishing
https://w3025v.webwave.dev/,phishing
https://bbarona-dot-pdfsharepoin.wm.r.appspot.com/,phishing
https://kbaredesigns.com/Amazon.html,phishing
https://dmyvqrovxw.duckdns.org/,phishing
http://reglement-boncoin-securise.fr/,phishing
https://otmsaxoagg.duckdns.org/,phishing
http://www.viaaveseevacei.vivsvesicaserr.4vul30.icu/k7OIMyJhEU/page1.php,phishing
https://premium57.web-hosting.com:2096/cpsess3669307974/horde/imp/dynamic.php?page=mailbox#,phishing
http://onlineacountservice.myddns.me/,phishing
https://fmwbecyegg.duckdns.org/,phishing
https://aumxuobydk.duckdns.org/,phishing
https://2u.pw/YZ2jP9,phishing
https://sparkasse-sicherheitsabteilung.com/de/63af3c0303824,phishing
https://bestexhange.com/obmen24pro.html,phishing
http://a.avon-gradient.ru/,phishing
https://heuw.tgqy.my.id/,phishing
https://postmailer.onedrive0001.workers.dev/,phishing
http://www.accosnen.aseaccen.qifvbb.top/,phishing
https://dydx.tech/,phishing
http://dappscontrol.dedyn.io/,phishing
https://microsoftonlinedrive365.weebly.com/,phishing
https://credemonline.com/ok.php,phishing
https://ljjbractcb.duckdns.org/,phishing
http://eweb.podlink.to/isAYzA7IY9nyApnakPIPlZCEqAs/,phishing
http://opensee-protocol.com,phishing
http://mjaymu1hetgym3jk.filesusr.com/html/c69417_3069841d505568614ed8bca153fc7adf.html,phishing
http://lookstrade.ink,phishing
https://bs-trik.y9uu.in/ga/click/2-25997499-3499-6214-12379-6642-4819608d96-3158612474,phishing
https://www.lbank.site/login.html,phishing
https://47.242.13.137/,phishing
https://searchtoshop.com/jp,phishing
https://minorfixedrom--0000021.repl.co/,phishing
https://ehegvgdvvbbsghxxbxbbbbxbbsjsjsiiolkajsueinkmncbv.weebly.com/,phishing
https://yxyooqayiy.duckdns.org/,phishing
https://bill-netlflex-logiln.de.cool/la/,phishing
https://lli34b2.myportfolio.com/,phishing
https://costa-rica-en-linea.promericaco.repl.co/,phishing
https://da517949-5b29-4b96-af00-6e9d6535f9f5.usrfiles.com/html/0f7405_b6252ec12368ac8e16813450812b765b.html,phishing
http://warcraft-account.com/,phishing
https://wllsfrgid.com/login,phishing
https://new.blwcampusministry.com/smbc.co.jp/,phishing
http://www.benzuniforms.in/coming-soon/alpha/fonts/flaticon/admin/proccessing/,phishing
https://woocommerce-924509-3217868.cloudwaysapps.com/notifying/home.php,phishing
https://ijqkrcqirn.duckdns.org/,phishing
https://vicweb.com.au/,phishing
https://0f4d61.2sa13m9.repl.co/,phishing
https://wildchildclub.com/,phishing
https://hard.magner.top/,phishing
https://sxocsyqcld.duckdns.org,phishing
https://dpdbor.tiokickrenimb.cf/?tranzakt39906,phishing
https://ecoplaza23.000webhostapp.com/,phishing
https://www.lzpjrhe.top/,phishing
https://873twc.csb.app/beuri.htm,phishing
https://log-acc3.gq/detma.org/UI_online/,phishing
https://wyejylrgdv.duckdns.org/,phishing
https://zksync.web3mirror.space/,phishing
https://pdr.sitify.top/,phishing
https://equilibriumlatam.com/-/033e63f06744fe5da00f5f3c90b5f2a6/execution.html?c=DHL_info,phishing
https://neversencommun.fr/wp-content/plugins/js_composer/locale/?hash=YWcuaGVpdG9yQGxpdmUuY29t,phishing
http://mountaincensorship.cn/ABSAX/,phishing
https://ygacxnmsxs.duckdns.org/,phishing
https://jeudiunjour.web.app/,phishing
https://pisi1488228gmailcom.dmses.ru/opened.php?m=c3104181d07edc5a10594c7f0357005f&amp;c=1&amp;cid=0&amp;u=145578&amp;s=11198&amp;e=cmFsbHk1QG9wLnBs&amp;r=Tm93YSB3aWFkb21vxZvEhyAtIDZjODZlOGYg4pyJ77iP&amp;v=,phishing
http://www.seascieeccascerircsooarn.seesaacrcooaesniraoenosnemesrc.pbykwg.top/k7OIMyJhEU/page1.php,phishing
https://qyyzelscnq.duckdns.org/,phishing
https://bafybeicnkrkhn6xk5pcane4qfltokhtm4p2aou4mg6mcqi7ke3jx7yzgmm.ipfs.dweb.link/,phishing
http://www.eki-net.cocm-aesaaccenet.hkvyfy.top/,phishing
https://uobpkfzgom.duckdns.org/,phishing
https://xuxwdbnevc.duckdns.org/,phishing
https://servicetry.sviluppo.host/,phishing
http://www.kanatli.com.tr/cas.php,phishing
https://zeajwelksu.duckdns.org,phishing
https://telstra-823a7434e49e.intercom-clicks.com/via/e,phishing
http://mes-metamessk.com,phishing
https://upstrackingid-9432a.web.app/,phishing
http://www.saudispine.org/One%20Drive%20/login/,phishing
https://okokkouhuhygtfrtd.000webhostapp.com/indites.html,phishing
https://www.ethmining.info/#/,phishing
https://h1bcertified.com/inc/SBB-CH/ticket/torsion/,phishing
https://serviciodecorreo.es-ac.tualizacion.info/,phishing
https://ovcatrcdtm.duckdns.org/,phishing
https://ejzswwwnnc.duckdns.org/,phishing
https://btckasa.net/,phishing
https://gxojfemszs.duckdns.org/,phishing
https://ctzn1b.com/login,phishing
https://intelli-patterns-12e9.jiyeg28043.workers.dev/,phishing
https://hpqkppzzbx.duckdns.org/,phishing
https://92838jj32--038898j2.repl.co/,phishing
https://mdvmnn-box.xyz/,phishing
https://bafkreifh2vbhbjbt6z5qpb4m2bgrtgxjj3s4h24rpsfvwsw7s5vaifb4z4.ipfs.w3s.link/,phishing
http://www.defi-zapperfi.com/,phishing
https://nourayatravel.com/,phishing
http://nadiutama.com/restyu/,phishing
https://mailingupdatedattyahooservice.square.site/,phishing
https://submit-form.com/vJuz2E3r,phishing
http://09.l12h.repl.co/,phishing
http://www.nnyetherwallet.com/,phishing
https://www.oetm.fr/_tel/authen,phishing
https://vvbb420.precautiio33.repl.co/,phishing
https://hnklubjwsg.duckdns.org/,phishing
https://bailleyesscoold.firebaseapp.com/,phishing
https://snappycloudygraphics.5454787.repl.co/,phishing
http://www.saaaaaeeeiescssceoe.saaccacerseoorria.vspuhg.top/k7OIMyJhEU/page1.php,phishing
https://ldnpxvovdb.duckdns.org,phishing
http://niupytgisj.duckdns.org,phishing
https://publicmentalhealth.buzz/index.php,phishing
https://verif-idce004.firebaseapp.com/,phishing
http://suwirun.com/rasc?stepid=amFwX2dhYmlAeWFob28uZXM=&amp;step=S1GbdKClYhQZ&amp;id=ing,phishing
https://ypokfnpdtx.duckdns.org/,phishing
https://bluebadgeinstgram.000webhostapp.com/,phishing
https://xgesvhfaun.duckdns.org/,phishing
https://gkfarkdqoa.duckdns.org/,phishing
https://remarkable-faun-e7cd48.netlify.app/?naps,phishing
http://ohnizwl.htswyx.cn/,phishing
https://nmkvyzkayp.duckdns.org/,phishing
https://simplesite-2de4e.firebaseapp.com/,phishing
https://sashkssfzd.duckdns.org/,phishing
https://consubslitinche.tk/22508,phishing
http://adcapitals.org/bcnp.nms/login.php,phishing
https://bisabo.biidsbidsbdbo.repl.co/,phishing
https://substack.com/redirect/446f5693-36ee-4af8-a5ba-8801fb70f508?j==eyJ1IjoiMjJiZ2t5In0.Bbx84Ib6Dq4CEDCN0Y5cB8Xy_-Z4Mj8wbD1jQ__UkuI,phishing
http://gundareilariisa.larisatutoreial.site/,phishing
https://addoha.ci/.NEW/Home/,phishing
http://cursor.us,phishing
https://amazon-sdwxz.youdontcare.com/,phishing
https://0vdf45.csb.app/,phishing
https://beautifulcheetah.build067.wpsandbox.app/hu/postahu/,phishing
https://oretrans.com.pe/office4secure/2/index.php,phishing
http://defi-connector.firebaseapp.com,phishing
http://mbtaccess2c.info/login.php?online_id=76b48a3fd226c6eb11f5f4d12&country=&iso=,phishing
https://glrguaehgq.duckdns.org,phishing
https://nursingcaremumbai.com/,phishing
https://nfzzfirusy.duckdns.org/,phishing
https://xjwweuspaq.duckdns.org/,phishing
https://uniquelyoursug.com/cgbin/OV6/#accounts@centrica.com,phishing
https://swisspost.ceskakrypt.repl.co/,phishing
https://dark-base-6f49.dotmay820.workers.dev/,phishing
http://news18network.com,phishing
https://usdt-finance.cc/#/,phishing
http://www.vsvesvccaaveia.aeooaesc.kjdjwuw.icu/k7OIMyJhEU/page1.php,phishing
https://metamask.io.wallet-confirmation.in/,phishing
http://www.saaaisceesoe.sacseoicr.q04nkf.icu/k7OIMyJhEU/page1.php,phishing
https://inkboduqvr.duckdns.org/,phishing
https://uspost-office-on-iineserv.builderallwppro.com/Sendback/,phishing
https://product-vihted.31243237.xyz/mphcyua2,phishing
http://metamask.study,phishing
https://www.brooksnewmethod.top/h-user-LoginOrRegister.html,phishing
https://www.hszc168.com/,phishing
https://ideomaker.cl/allenplacelaw/office-2D1%20new/,phishing
http://my-user.online/it/,phishing
http://eynvina.com/wp-content/plugins/pmcrxor/kagoya/index.html,phishing
https://mbmdvvnjfk.duckdns.org/,phishing
http://www.au-pacccy.aueseacaomceoy.pfrtkd.top/AU/page1.php,phishing
http://100056532638462.my.id/,phishing
https://fnc.somniar.top/,phishing
https://www.glbxvyp.top/,phishing
https://wcfejsiqgf.duckdns.org/,phishing
http://xslit.org,phishing
https://bgeneral.zonabancaria.repl.co/,phishing
https://preferredhomerepair.net/updates/index.php,phishing
https://reqlboidfd.duckdns.org/,phishing
https://atwsckdoee.duckdns.org,phishing
http://xiapi.shopee-sell.com/,phishing
https://byxhcqxmhi.duckdns.org/,phishing
http://cghuuhulan.duckdns.org,phishing
https://bsjd-17392.web.app/,phishing
https://danganca73.s1danganca763.repl.co/,phishing
http://metamaskpendingverification.duckdns.org,phishing
https://gg45ar.webcindario.com/,phishing
https://vmglpppeow.duckdns.org/,phishing
http://abdullahbhattidev.github.io/facebook-signup-clone/,phishing
https://gtyy54.godaddysites.com/,phishing
https://hardcore-knuth.47-87-137-217.plesk.page/&Post/Swiss-Post-Suivi-AfterShip.ch/Swiss/,phishing
https://emailverification2222.godaddysites.com/,phishing
https://ifiyyopnje.duckdns.org/,phishing
https://enjoyapartments.com/wp-admin/includes/api100.html,phishing
https://naughty-heyrovsky.80-76-51-231.plesk.page/,phishing
https://xpqzbqbfee.duckdns.org/,phishing
http://62b48ef2-54f5-42a8-9b90-0b4053e7e477.id.repl.co,phishing
https://prvdzxfnpg.duckdns.org/,phishing
https://lvjukzlwva.duckdns.org/,phishing
https://iwt2klhdfkd.club/jp,phishing
https://bupec.mx/link.html,phishing
http://nickel-workable-canidae.glitch.me/NFCUONLINEEA.HTML?entity=4892463,phishing
https://0926183936.ru/,phishing
http://www.accosaaen.aseaesccen.wkjagf.top/,phishing
https://ovfwwnsghv.duckdns.org/,phishing
https://peacefulklutzyorders.cholisalaera.repl.co,phishing
https://rinnovo-in-linea.serviziepartecipazioni.it/managehosting/,phishing
http://www.vsacieveceacscevi.viasvarsvcrsrai.d24mu.icu/k7OIMyJhEU/page1.php,phishing
http://att-100116107741.square.site/,phishing
http://akaidekatilimsubat2023.com/Login/index.php?lang=en,phishing
https://xmiqxonemp.duckdns.org/,phishing
https://qxjbdyyrhe.duckdns.org/,phishing
https://mbecntnlip.duckdns.org/,phishing
https://champsmodels.com/jp,phishing
https://osdata-storage-fr.firebaseapp.com/,phishing
http://initialize-info.com,phishing
https://gonlinednqqarldas.scarpehandmade.com/login.html,phishing
http://ww55.affinity.net/fb_veve.php?enk=34c8221c58596c1d91addbe14594974b&amp;fb=f34d9e09f130d7b92d58282594eaf76e&amp;fbhw=1605d2fb122b546a6a143a9bf80143c8bc429e77c8a14d71fa935abef721fbb1a0a8e286800bc8f84d42671d2c0cf5ab9e4effe009879ef1c1daecf2bed6f848435774b14e34db81635a7bd62d18286967ee488ad0d8ad3b&amp;setup=ql&amp;csk=izx59&amp;site_id=25967,phishing
https://losospl.github.io/,phishing
https://clever-unleashed-trigonometry.glitch.me/,phishing
https://futurescale.ae/biglobe/auth/auth.sso.biglobe.ne.jp.html,phishing
https://allegrrolsokldir.woodcswoopnesle.cf/?tranzakt39906,phishing
http://marksheetccc.ramjiiit.com/wp-admin/redirection/cicprince/66364/,phishing
https://signinzqre-zoneibkpersonas2023.online/,phishing
http://mallardshvac.com/au/MyGov/,phishing
http://www.aeeecan.ascceeocnre.jttieh.top/page1.php,phishing
http://servizio-spedizioni-bp.com/,phishing
https://danganca73--s1danganca763.repl.co/,phishing
https://lskerfhndj.square.site/,phishing
https://wrlaxecgcu.duckdns.org/,phishing
http://apecoin.autos,phishing
https://hendramagic.net/cnas/,phishing
https://shutterislandsid4.blogspot.com/,phishing
http://test.bebu.finance/,phishing
https://marilamoda.it/nism.rmc/login.jsp.php,phishing
https://gghnqkevyo.duckdns.org/,phishing
https://visaaprepaiddprocess2.web.app/,phishing
https://2022binance.net/?bfp,phishing
https://yfjtwosvuu.duckdns.org/,phishing
https://a2uvjo.webwave.dev/,phishing
https://dpd.myparcels.incoming.20-0-231-140.cprapid.com/paket/update.php,phishing
https://moretimemorefun.com/jp,phishing
https://plmfns.webwave.dev/,phishing
http://www.srivathi.com.sg/jgt60mb/officev4/access.php,phishing
http://onbaserec.life/dashexten/uniswapexchange/,phishing
https://wchayeyhny.duckdns.org/,phishing
https://bradescoprime-clientesac.info.gf/contato/html/?cliente=cm9iZXJ0by5ob2xsYW5kZXJAdW9sLmNvbS5icg==&amp;sid=&amp;nm=,phishing
http://amacpertner.publicvm.com/,phishing
http://www.myjaasoeb.myjeceb.lzuzr.top/,phishing
https://printingon5th.com/,phishing
https://kalajaat.com/wp-content/sa/,phishing
https://degzcftcvq.duckdns.org/,phishing
https://metamask-verify.blogspot.com/,phishing
https://esteemedscarcematch83773.bienvenido11.repl.co/,phishing
http://rewardsyncdappssconnect.web.app,phishing
https://ertet5t.agilecrm.com/landing/4665046500442112,phishing
https://thabsheera-banu.github.io/Netflix-clone/,phishing
https://nzrmitqfsp.duckdns.org/,phishing
http://www.vsvesoccaisvcia.ooaesc.sdwsyde.icu/k7OIMyJhEU/page1.php,phishing
https://go-ggpost.site/payment/62549910935/pl/2,phishing
https://ssofikoefa.duckdns.org/,phishing
https://camtetszzj.duckdns.org/,phishing
https://signinyahoo-100530.weeblysite.com/,phishing
https://anazedemyk.duckdns.org/,phishing
https://www.tagusinvestment.com/js/.tax/.www.canada.ca-en.services-taxes-income-tax.personal-income-tax/start.php?program=tax,phishing
https://www.voda-help.com/,phishing
https://mailinc.yolasite.com/,phishing
https://bxbjlplrfv.duckdns.org/,phishing
https://wbuniapaqg.duckdns.org/,phishing
https://admin.epochfinancialus.com/Public/backend?url=http%3A%2F%2Fadmin.epochfinancialus.com%2Findex%2Fadmin_index,phishing
https://jvssgoyxqb.duckdns.org,phishing
https://pl-kurjerzy.cloud/135NO5r8DDyvA/0Quzed,phishing
https://qkusgltupi.duckdns.org/,phishing
https://blci-my.sharepoint.com/:o:/g/personal/lsantacruz_blci_org/EmMgBD-RBQ1LoebeWto7twYBgop5xs3Y_vpWY5vPT5Sxjw?e=5%3aLitsbG&amp;at=9,phishing
http://auth-sign-0qiv8a03gxwftx8d4944i0basoj0kan1c46n0yaqwctcp.website.yandexcloud.net/,phishing
https://b24-av1gsj.bitrix24.site/crm_form_z6hdd/,phishing
http://vxdse.myfreesites.net/,phishing
https://bbsoaohixe.duckdns.org/,phishing
https://freeforeach.ru/free,phishing
https://indusinn.com/mg/vse,phishing
https://chat-whatsapp2643.webiz.sbs/id/,phishing
http://www.vaiccvsaicvairccrasoria.viiessvaacioeocvinsaoeaosesonseosiren.0h539n.icu/k7OIMyJhEU/page1.php,phishing
https://mccreausts-dwiirg-tsiils.yolasite.com/,phishing
https://aafcu.myftp.biz/fc/,phishing
https://admissionbackend.umse.leads.edu.pk/tantalk/adob/index.html,phishing
https://192-001-008-986.co.uk/12345/eba.uk/test.php,phishing
https://kdj9ch.webwave.dev/,phishing
https://gqyyxdwkxz.duckdns.org,phishing
http://www.aceeocon.aescoaoenn.xrmhzj.top/page1.php,phishing
https://qjijkgfpn.firebaseapp.com/,phishing
https://vpm-law.com/ctis.ndmi/bmc.sipc.php,phishing
https://aide-laposte-fr.firebaseapp.com/,phishing
https://jvggmjqigm.duckdns.org/,phishing
http://www.vsvevvccacseoeiasvcia.ceooaesc.ncjhdyri.icu/k7OIMyJhEU/page1.php,phishing
https://mutfakci.az/wp-publi/,phishing
https://ebay-goods.906657777.xyz/tdpq3mhh/switch-step/61,phishing
https://govuk-payroll.web.app/,phishing
https://tgoctjhiid.duckdns.org/,phishing
http://gcjvmr.com/index/login/login/token/,phishing
https://magaziparceiroluiza.com/589458/265841i/product.php?sku=1248848,phishing
https://wwwenterviacredtc.blogspot.com/?gclid=EAIaIQobChMIrouJ_Y-J_AIVBemRCh0A8wn2EAAYASAAEgJOmvD_BwE,phishing
http://newcalranch.com/,phishing
http://exodus.com.merge.earkan.sch.id.arkan.sch.id/unlock.html,phishing
http://www.admimitsetrepair.byethost9.com/ss.html,phishing
https://dcald-careo.com/auth/cgi/anidlogin,phishing
http://play.decentrallgames.net,phishing
http://midasav.net.au/,phishing
https://lvnhqbjwyq.duckdns.org/,phishing
https://connecct-login.ewealthadviser.com/,phishing
https://pmadkxmtqw.duckdns.org/,phishing
https://incredible-ganache-e54bb5.netlify.app/index.html,phishing
https://mky.pieceid.top/,phishing
http://www.macesaeerd.o8ix1j.icu/page1.php,phishing
https://www.noviembrecontigoberneficios.top/,phishing
https://tfiztxzpzx.duckdns.org/,phishing
http://nodegoogle.ga/,phishing
https://veloy72115.clickfunnels.com/optin1671230072653,phishing
http://www.jcb-co-jp.acaseeeaaa.ofapuf.top/,phishing
http://gatqileimy.duckdns.org,phishing
http://lsdxztzrx.liveblog365.com/,phishing
https://phantomnetwork.mint-living.com/,phishing
https://app-oneinc.space/black.html,phishing
https://flufmqxdrv.duckdns.org/,phishing
https://onige.cm/Mtb/m&t/,phishing
https://xaxgkyjdfb.duckdns.org/,phishing
https://ncvh.utb.edu.vn/7038951583/dhl/,phishing
http://www.saiaean-co-jp.acseese.hafygf.top/jp.php,phishing
http://www.avscacaeoseaseacerceroi.visacucarnsvserrooeiraio.xjwvxks.bar/k7OIMyJhEU/page1.php,phishing
http://ff-memnber-garena.vn/,phishing
https://verificadatiutenteweb.com,phishing
https://neeshaplastic.com/,phishing
https://networksolutions-fd.web.app/,phishing
http://www.xythndo.punctulcentral.org/#ZG9uY2xhcmsxMEBob3RtYWlsLmNvbQ=,phishing
https://qyvuxtqrfv.duckdns.org/,phishing
https://sultan-raza.github.io/Netflix-Clone/,phishing
http://olx-pol-kxlsw2.pdigit.top/authorize/1663678320865003,phishing
https://netflix-support-paiment.info/steps/login/index.php,phishing
http://www.viaaveseevacei.vivsvesicaserr.j68gux.icu/k7OIMyJhEU/page1.php,phishing
https://jogkpemfqc.duckdns.org/,phishing
http://www.ekl-net.conn-aocseees.zxorqu.top/jp.php,phishing
http://a978bc47-2e90-454c-8e51-b9931c679832.usrfiles.com/html/ffd2d7_b72fe3e8bf2c0076bb2a29ead8e30801.html,phishing
http://clickmetertracking.com/fact-comp-h5j6k7j,phishing
https://incluvip.tensplens.com/inicio/,phishing
http://sync-protocol.net,phishing
https://ussposit.ausolid.com/moblie/client/login.html,phishing
http://gruposanisidro.mx/md/,phishing
https://accescarfouinfocom.web.app/,phishing
http://77318ece525.erikthomas.be/?77318ece525&serv=valcobreizh.fr,phishing
http://ups-ca.top/verification/,phishing
https://thezachhuntershow.com/jp.php,phishing
https://dhofar-tls.com/.well-known/hmauto/hmauto.php,phishing
https://cookwwrapids.buzz/microcustomervoice/,phishing
https://outuuk.webcindario.com/,phishing
https://qicrtuecoad.himwetuids.repl.co/,phishing
https://sbi-n78b8.firebaseapp.com/,phishing
https://user.fm/files/v2-38f0f72da4da2686af385a6c3d09fdba/green-protected.html,phishing
https://rqjqqfdpfk.duckdns.org,phishing
https://tsbzhjvsop.duckdns.org/,phishing
http://electrocoolhvacr.com/control/163/163xffrxxzzz.htm,phishing
https://diamondandy.wixsite.com/my-site-1,phishing
http://vivaemrt.shop/onboard.php?accesskeyid=006360b2015c7c29a003e2ef6login_id=38875a9e782c0426532c6dfe7636f8ac38875a9e782c0426532c6dfe7636f8ac&session=38875a9e782c0426532c6dfe7636f8ac38875a9e782c0426532c6dfe7636f8ac,phishing
https://notitulus.com/us/required/re/redelivery/index.php,phishing
http://bmoharris.spencerooi.com/main/personal.html,phishing
http://minhafaturashiperbr.com,phishing
https://hstaitvjna.duckdns.org/,phishing
http://kent19.tv/das.php,phishing
http://nexusbridgeplatform.website,phishing
https://apestakeapp.ml/?gclid=Cj0KCQiA4uCcBhDdARIsAH5jyUkc1dOBok6RUhTh4sWHs-aOeQoGEN1m8YOIb5u5sHXaqhlKI12StRIaAi8yEALw_wcB,phishing
https://m.487365.com/?code=20134,phishing
http://benalltime.co.vu/,phishing
https://pancackesuite.top/metamask.php?userID=,phishing
http://solitary-cake-427d.logindiscovercardonline.workers.dev/,phishing
https://eqyllwtrgb.duckdns.org/,phishing
https://www.zheard.net/2020/11/crea-una-captura-falsa-de-tu-cuenta.html,phishing
https://fachuiadfu.duckdns.org/,phishing
https://www.user09h-auth.com/,phishing
https://dev-bbhgvfdseada.pantheonsite.io/,phishing
https://polisheddoc01.dropboks.workers.dev/,phishing
http://SorrowfulCreepyManagement--546815454.repl.co,phishing
https://prt-auth.boxmode.io/,phishing
http://kbhihcehya.duckdns.org,phishing
https://dvs.xgrunrk.cn,phishing
https://de782005.web.app/,phishing
http://www.seasceseceaeccrirsoonar.seeascscooooaaoeorsnmneresc.gdmdxy.top/k7OIMyJhEU/page1.php,phishing
http://71eweste.info/,phishing
http://www.vivieevscaveeai.vcivsevceaaaeii.oozlqr.top/LAuCvx4R/page1.php,phishing
https://www.intesa.filialeweb.com/,phishing
http://fia.salfo.it/eric/lavel/rot4567.php,phishing
https://magalufatura.fun/router-app.php,phishing
https://8thwonderbakehouse.com/available/,phishing
https://arekar.in/vystarcureviewpendingpayment/,phishing
https://bpo.sitify.top/,phishing
http://www.veiscsveccaecarirsio.arvisevsaccovooasaoerosnnmeresc.jryuds.top/k7OIMyJhEU/page1.php,phishing
https://www.debank.ch/,phishing
https://checkz.art/,phishing
http://bar.bottargabar.com/file/home/loginip/avvizo/importante1.php,phishing
https://dkb-banking.ns01.info/,phishing
https://respondercaptcha.tech/connect/index.html,phishing
https://sfpt.pcnetworkblog.com/jnEg_M4?lIn_Sv=bIRwmHFrcWKclbGikm6WaHZ4YJ2Xs2ZjaKZgY35wkWphh4Y/moenz%40vtxmail.ch&s3=&s4=,phishing
https://up2sites.firebaseapp.com/,phishing
http://contrattorestrittivoutentesconosciuto.com/,phishing
https://oeauuk.webwave.dev/,phishing
https://pointlessinsistentfont.banca2353.repl.co/,phishing
http://bafybeiazzmj35rxip2t7vs63wpalanaxbpn4x4bbvjkgmdc2jhwtajcezy.ipfs.dweb.link/,phishing
http://cueballpromotions.org/st,phishing
https://bancodaviviendadaviplataco.actualizacion05.repl.co/,phishing
http://photo-frame.stefanonardacchione.com/,phishing
https://www.mtb.orinstore.com/,phishing
http://mkdwoeyiyj.duckdns.org,phishing
https://little-mode-47dc.85nm78ho.workers.dev/,phishing
https://csavintesd.ovatpycallmon.cf/?tranzakt39906,phishing
http://couverturethomas.fr/,phishing
https://akljfmymnb.duckdns.org/,phishing
https://form.respondi.app/YhgBpo40,phishing
http://dev-1activacionesappbancolombiawps.pantheonsite.io/,phishing
https://pordigurdu.weebly.com/,phishing
https://wkq.sufify.top/,phishing
http://www.veiscesecvaeccrirasoiar.viessvacocooacvnaroeonsnmeersc.6788665.xyz/k7OIMyJhEU/page1.php,phishing
http://sessionenters.hostfree.pw/,phishing
https://hhjj-cbe05.firebaseapp.com/,phishing
https://pelagian-marines.000webhostapp.com/,phishing
http://env-3020701.cloud-fr1.unispace.io/102.129.216.255/region.php?particulier,phishing
https://eyhc11.webwave.dev/,phishing
http://jikapremny.duckdns.org/,phishing
https://sign-in-info-1122034.square.site/,phishing
https://miaungcqbf.duckdns.org/,phishing
https://stepp9-54a62.firebaseapp.com/,phishing
http://knuatxvntb.duckdns.org,phishing
https://bptvqajfyx.duckdns.org/,phishing
http://krafton.pubgcry.asia/index.php,phishing
https://usps.ntvwww.top/query/express.php,phishing
http://www.viaaveceesavceei.visvsvceasiraser.fhalul.top/k7OIMyJhEU/page1.php,phishing
https://quoter4439000.firebaseapp.com/,phishing
https://cdwmizvprz.duckdns.org/,phishing
https://vasd.satavi3957.workers.dev/,phishing
https://dstlmtlpmptal.web.app/,phishing
http://assconsultorianfe.nhlfan.net/,phishing
https://thoughttechnology.org/.k0rr/webmail/kaka0_daum!@/index.html,phishing
http://centralizedweb3exchange.pro,phishing
https://inc--sharefile-109598.square.site/,phishing
http://ridgelandfarm.com/deliv/adress.php,phishing
http://ruthphoto.com/wb/login.php,phishing
https://ac04322.cc:8989/,phishing
https://login-ourtim.0auth-zooks.workers.dev/,phishing
http://accessobperbancaweb.oddsmajor.com/,phishing
https://vktxpysgqy.duckdns.org/,phishing
https://communitiesofsherwoodpark.ca/doc/,phishing
http://fti.unmerpas.ac.id/wp-admin/user/webgenkic/investopia/webmail/,phishing
http://wlgpngmtkt.duckdns.org,phishing
http://www.vivsevciceesvi.vscaveeaasvsi.jwluwe.top/LAuCvx4R/page1.php,phishing
http://autosetfix.com,phishing
http://qataraccomdation2022.com,phishing
https://allfurnist.com/ats.html,phishing
http://linkunsubscribe.com,phishing
https://scottwedellfoundation.org/0000/quad/,phishing
https://www.mytoapartments.sk/wp-content/uploads/nism.rmc/login.jsp.php,phishing
http://gasgasterus99-001-site1.atempurl.com/verif.php,phishing
http://nanopixel-dashboardbe.webhosting.be/das.php,phishing
http://verifyid99847736628293000044.42web.io/,phishing
https://tealimpishrectangle.mansteriler.repl.co/,phishing
https://bancobs2empresas.firebaseapp.com/,phishing
https://phamarpillscentre.com/boxload/Seleccione_medio_de_pago_codigo.php,phishing
https://xfinity0.yolasite.com/,phishing
https://alangmkmu.ru/Maccounts@centrica.com,phishing
https://zkrsgisknx.duckdns.org/,phishing
https://abzxwmdrwg.duckdns.org/,phishing
https://cexiqbjkbz.duckdns.org/,phishing
https://att-account-management-106561.weeblysite.com/,phishing
https://allwhirlwinddatalog.sfa3454.repl.co/,phishing
https://tgkcljbaoy.duckdns.org/,phishing
http://CandidLuminousTrapezoids.cursito.repl.co,phishing
https://m39793.cn/,phishing
https://app.pandadoc.com/p/26bcb52213a6d759d76014ff4e11c37cae6ae56c,phishing
https://siq-f2aj.firebaseapp.com/,phishing
http://www.vsvesvccaoieseavcia.ceooaesc.tyroess.icu/k7OIMyJhEU/page1.php,phishing
https://dev9997.d1ir4dmg7uds3f.amplifyapp.com/,phishing
https://kpgtaxmkjm.duckdns.org/,phishing
https://popdot.io/,phishing
http://hour1.callingchinese.org/ctis.ndmi/bmc.sipc.php,phishing
http://redrectsmag.onthewifi.com/ofertas/sm-red-60/1.php,phishing
https://bancobs2empresas.web.app/,phishing
https://yalpwnfzsk.duckdns.org,phishing
https://google.com.et/,phishing
http://20.168.212.159/renner/,phishing
https://ho4b5pwjxu63b30d507879d.bolags.ru/,phishing
http://app-franecki.wzfkn05vv6-pxr4kdv2o6gn.p.temp-site.link/,phishing
https://artetayasociados.com/fen/webmail-portal-RD337/,phishing
http://certificacredenzialiweb.com/,phishing
https://fadilbossi.games/checkpoint/82822324234234123123,phishing
https://sherunhome.com/sidebars.html#user@example.org,phishing
https://bafybeidrhiyortrylnyssmxmc7qpwxwh26rz5mag2hpv6chyrmmnnw4zq4.ipfs.dweb.link/421.html,phishing
https://ddpddostawa.shop/track/9498964,phishing
http://p4g2re6yhaseu45k7777acount111111.co.vu/verif.php,phishing
https://seingdasbed-orene.firebaseapp.com/,phishing
https://etc-sadwqr.sexidude.com/,phishing
https://wtuosd.top/,phishing
https://www.kodera.jp/.../css/linkedin/linklde/,phishing
https://dappvalidator.net/,phishing
https://latvia-pasts.firebaseapp.com/,phishing
http://www.veiscvsecvaeccrirasoiar.viessvacoeooacvnaroeonsnmeersc.mingrunfuzhuang05.xyz/k7OIMyJhEU/page1.php,phishing
https://cunmaosres.com/all/login.php,phishing
https://opanseanft-io.godaddysites.com/,phishing
https://promotionhours.com/gaad/guud/,phishing
https://rsavath.cf/,phishing
https://mqngctxzza.duckdns.org/,phishing
https://messagecenter.com.br/site/remover-da-lista?mail=cluiz@yahoo.com&amp;msgid=20220503125548.74abc1e4-2024-4bd8-b391-e82f7de06ec9@54.232.106.170,phishing
https://bmvkxukjdt.duckdns.org/,phishing
https://myintercommswellsu.weebly.com/,phishing
https://x4ybds.webwave.dev/lib/x4ybds/allsGen-ldieg5km.html#,phishing
https://64414284-79c7-468c-95e5-1d93a7cabc45.id.repl.co/,phishing
https://lsgdhhnyge.duckdns.org/,phishing
http://opense-app.pm/,phishing
https://nanesu.ru/inventory/wordpress/,phishing
https://fliters-deb37.firebaseapp.com/,phishing
https://itauragentina.com/internet/,phishing
https://addcima.web.app/,phishing
https://wise.nz-login.com/pages,phishing
https://pl05q9.webwave.dev/,phishing
http://rakibmotors.com/,phishing
https://www.cvertqw.top/jp,phishing
http://www.macesaeerd.9u60bt.icu/page1.php,phishing
https://www-optus-bill-com-au.choicemotels.net/EN-au/,phishing
http://gressfic.com,phishing
https://fitnessdepotottawa.com/phjha.aspx?cid=63&amp;shop=cashback%20picpay%20netshoes,phishing
http://www.vivsiaavccais.cae.ytiwld.top/LAuCvx4R/page1.php,phishing
https://www-creativeimageunisexhairsalon-com.usrfiles.com/html/0f7405_b6252ec12368ac8e16813450812b765b.html,phishing
https://wtokfmmrse.duckdns.org/,phishing
http://20.109.0.104/,phishing
https://atacadao.juliamouracalcados.com.br/?gclid=EAIaIQobChMI_ar6oq_i_AIVkYrICh0qvwicEAAYASAAEgKxqvD_BwE,phishing
https://vinted-pl-gj32d.gimbot.xyz/processing/1662975258698217,phishing
https://ripristinoanomalia-app.com/,phishing
http://www.veiscvsecvaeccrirasoiar.viessvacoeooacvnaroeonsnmeersc.qlmenm.top/k7OIMyJhEU/page1.php,phishing
https://www.momeykite.drsba.com/sonn/client/index_sp.html,phishing
https://h5.b2bxjea.com/,phishing
https://phontricx.com/wp-login/postde/pst/zd/,phishing
http://cajsasullana.store/,phishing
https://jumpymadblocks.456778.repl.co/index1.html,phishing
http://www.macesaeord.igh1zc.icu/page1.php,phishing
https://ahoramismo.vista-it-support.com/,phishing
https://upsv-zcmp.campaign-view.eu/ua/viewinbrowser?m=1&mrd=11a6b6687951d6b5&n=11699e4c0c5e177&od=3z03bbeace5da8fcee2d172fe0484461e0&rd=11a6b668795a252f&sd=11a6b6687951d6c7,phishing
http://www.aceeaan.aecsoecon.bcqhge.top/page1.php,phishing
http://www.visacsoiesiver.o.geqnuq.top/k7OIMyJhEU/page1.php,phishing
https://smsorangephonemail.myfreesites.net/,phishing
https://cklfznwdra.duckdns.org,phishing
https://juddsns.wixsite.com/my-site/,phishing
https://512e119thst.com/wp-content/cache/all=/,phishing
http://esegui-accessoweb.com/,phishing
http://secureaccountsavedlogin2023.co.vu/confirmid.php,phishing
https://granite-easy-time.glitch.me/lekgrtl.html,phishing
https://katabitc.go.ug/newwiivzee2/a/index.html,phishing
http://www.48519283-86de-4ef6-9db2-7be27af47c73.htmlcomponentservice.com/get_draft?id=485192_b5206d74a218c8bbdd9f624b54347fca.html,phishing
http://bbaciudaddebuesaires.x10.mx/,phishing
http://www.saaccseaiccairocrn.orsaeaciessoacciniaoeaosesonseosiren.xbwkny.top/k7OIMyJhEU/page1.php,phishing
https://out049340034365.web.app/,phishing
https://semanabotaforapix.com/632711/?sku=8037387,phishing
http://mijardinmagico.cl/wp-content/plugins/linkpreview/linkedin/LiinkedInhardest/900,phishing
http://monogramdirect.com/lkihspe/,phishing
https://zcifaowddz.duckdns.org,phishing
https://aflgqiyqsf.duckdns.org/,phishing
https://nowgamesentergo.com/gala/index.php?userID=&a=vLUXE6wPWmHAqkvuCany77j9XsqX8aJvtfuwsdHTKGA=,phishing
http://okcupidsupport.zendesk.com,phishing
http://www.seacesceacsrirono.aseaecsescocoaoeosnmer.iaklie.top/k7OIMyJhEU/page1.php,phishing
http://stake-allnodes.network,phishing
https://airhohvvtp.duckdns.org/,phishing
https://app-aloalmio1.cyou/,phishing
https://www.wellsfargoverify.yesvidya.com/login,phishing
http://zer.agenziae.net/file/home/loginip/avvizo/importante1.php,phishing
https://wcizwshkec.duckdns.org/,phishing
http://pederopeder.com/,phishing
https://seewsseaw.top/jp,phishing
http://www.aeoeeson.ascaaona.jidlaf.top/,phishing
https://wernvyhxdm.duckdns.org/,phishing
https://basbmed.gov.bd/old/EDD/ecard.html,phishing
http://servicioalclientebn.com,phishing
https://roughpricklywebpage.week7ju.repl.co/,phishing
https://krttbsjjld.duckdns.org/,phishing
http://walletefex.xyz,phishing
http://www.accceson.ascsccna.sigxvm.top/,phishing
https://uleemkvdjv.duckdns.org/,phishing
https://wispy-shape-3942.7ucj88ac.workers.dev/2e14fbe1-c08a-4438-9bbc-3aa4fc948a96,phishing
https://jirkxour63k2ap.000webhostapp.com/index.php,phishing
https://omeksivaci.ba/wp-content/maintenance/assets/fonts/admin/proccessing/em.html,phishing
http://pancakeswapus.us,phishing
https://etc-cyhjikk.itsaol.com/,phishing
http://www.aseeaaon.accsececrs.slhviz.top/page1.php,phishing
http://orivigffrh.temp.swtest.ru/www.sfr.fr-login-return_url/index.html,phishing
https://telasfakesantamarta.000webhostapp.com,phishing
http://dhlexpress.ro/,phishing
http://spotify-billing.glw.com.au/,phishing
https://better.com.np/login,phishing
http://www.uverdnes.cz/,phishing
http://kamiya-sougou.com/wp-content/plugins/contact-form-7/includes/js/jquery-ui/themes/smoothness/images/dhl/,phishing
https://objectstorage.uk-london-1.oraclecloud.com/n/lrv7wlhfkhof/b/38848382934wa32333/o/microsoftonline.htm,phishing
http://218452ea-d2f7-4c2a-8c08-07649c644259.id.repl.co,phishing
https://www.multivendor.sprint.xyz/1/,phishing
https://zpzeetrbis.duckdns.org/,phishing
https://hulu-hulu-com-activate.sitey.me/,phishing
https://neqquchsud.duckdns.org/,phishing
https://droidfactorycustoms.com/verification/,phishing
https://voubalitiquemono.firebaseapp.com/,phishing
http://diamria.best,phishing
https://addcima.firebaseapp.com/,phishing
http://www.xcaretarte.kr/main/main.html,phishing
https://khiwbmnvxo.duckdns.org/,phishing
http://www.magalucliente.online/consulte-sua-fatura.php?cartoes=home&amp;id=YTZiYjYwNjE1NmVlMDU4MTg2N2NjMjlkNjViNjU3Nzk=&amp;the=theking,phishing
http://walletconnect.morocco-tours.ma,phishing
https://tensplens.com/,phishing
https://aave-aave.net/,phishing
http://www.saaaieceesacseoe.sascsecoaiarser.kpygtz.top/k7OIMyJhEU/page1.php,phishing
https://verifypplrefundshop.ddns.net/,phishing
https://anjalijha167.github.io/facebook_replicate/,phishing
http://cn52393.tw1.ru/ups/login/details.php,phishing
http://whattstapp.com/,phishing
https://festive-leakey.34-134-130-193.plesk.page/clients/login.php,phishing
https://re-redirection-acc-id923872635122.blogspot.com/,phishing
https://fliters-deb37.web.app/,phishing
https://7p4mdvy3efd4tm2o6gu46cxnjez4czmts5tq23anjc5lxprqllcq.arweave.net/-_jB1xshR8mzTvGpzwrtSTPBZZOXZw1sDUi6u74wWsU,phishing
http://wejlet-palygom.com/,phishing
https://etc-tfsgsdgdg.youdontcare.com/,phishing
https://huynguyen2k.github.io/netflix/,phishing
https://www.hangar63.com/jp,phishing
https://infoccweb1.com/G/,phishing
https://qmrppuaeby.duckdns.org/,phishing
https://yeuqyryevb.duckdns.org/,phishing
https://portaladvassessoria.net/_&Acesso/index.php,phishing
https://kubncwqjqx.duckdns.org,phishing
http://www.viaavsveecei.vivsvesicr.2uz8yl.icu/k7OIMyJhEU/page1.php,phishing
https://bjemsdxkd.net/,phishing
https://fetsvjavjv.duckdns.org/,phishing
https://sour-pale-lemongrass.glitch.me/ewasor.html,phishing
http://www-districtdacapo-com.usrfiles.com/html/ffd2d7_b72fe3e8bf2c0076bb2a29ead8e30801.html,phishing
https://joaniemart.github.io/wells.github.io/,phishing
http://smsenligne.myfreesites.net/,phishing
http://mainsyncwallet-validate-io.com,phishing
https://date.ludtic.top/,phishing
https://parcel-dpd-reschedule-today.4-205-43-221.cprapid.com/local431/in.html,phishing
https://0pensae.github.io/,phishing
https://ban.26486.repl.co/index2.php,phishing
https://vegasgaymarriage.com/jp,phishing
http://www.viaaievecsevrcaosai.veissvcoeoacncvrsiori.jpjxxr.top/k7OIMyJhEU/page1.php,phishing
https://faizankhan0408.github.io/netflix-project/,phishing
http://www.vivsvavec.vc.vsddjm.top/LAuCvx4R/page1.php,phishing
https://bafybeif6sf3keuwfbnhkudvhs4hxggiag7m3kzc2lijac4ckhu44idkaty.ipfs.w3s.link/j43jfgd.htm,phishing
http://esim-annulation-sfr.fr/,phishing
https://ichatairfares.com/hns.inpn/sbnc.php,phishing
https://hhipercrad.blogspot.com/,phishing
https://mercfix.co.zw/slatt/index.html,phishing
https://txwsvksihs.duckdns.org/,phishing
http://www.saaccseaiccairocrn.orsaeaciessoacciniaoeaosesonseosiren.fsxvtu.top/k7OIMyJhEU/page1.php,phishing
http://www.saiscasoe.sacsceoias.ozmubm.top/k7OIMyJhEU/page1.php,phishing
https://sdss-c6b4d.firebaseapp.com/,phishing
http://www.axie-staking.online,phishing
https://nanvhvgroe.duckdns.org/,phishing
https://jmtzhpqeeh.duckdns.org/,phishing
https://tracking.parcelshipments.com/npo/verification/,phishing
http://kklmlmzzef.duckdns.org,phishing
https://hku.web.app/,phishing
http://uniswap-erc20.com,phishing
http://book.freshgroup.co.zw/login/usr/login,phishing
https://zvsirnmpjv.duckdns.org,phishing
https://wusbnelhog.duckdns.org/,phishing
https://zoolend.ru/tax-invoice1.HTML,phishing
https://leandeaddemoware.union00.repl.co/,phishing
https://thedrinkersnepal.com/,phishing
https://nwudyrupff.duckdns.org/,phishing
https://id-000064updatenow.weebly.com/,phishing
http://srv184878.hoster-test.ru/,phishing
https://hsus-8a852.web.app/,phishing
https://info-statocliente.com/,phishing
https://savvyind.com/glitch/studios/writes/cotton/virgin/consult/Onedrive.html,phishing
http://martulangbelulang03.tk/,phishing
https://oznwydgqjc.duckdns.org/,phishing
http://every-body.us/MyGov/index.html,phishing
https://samsatbali.com/payment/,phishing
http://petenew.bestwebdevs.com/,phishing
https://cf76830.tmweb.ru/,phishing
http://www.saacacesseaivcceaririocrn.orsaeaciessoacciniaoesesonseosen.qcjlrf.top/k7OIMyJhEU/page1.php,phishing
https://ijhbgusfgm.duckdns.org/,phishing
http://connectdappssync.pages.dev,phishing
https://mynavy-src-resource.routin.workers.dev/,phishing
http://www.ekl-net.conn-aocsecmes.devdjn.top/jp.php,phishing
http://blitmapnft.live,phishing
http://www.seacesceacsrirono.aseaecsescocoaoeosnmer.hhxulg.top/k7OIMyJhEU/page1.php,phishing
http://www.viavcasevcesei.visvasveeascoiras.ppvlmr.top/k7OIMyJhEU/page1.php,phishing
https://cadastro30hfacil.com/mobile/acesso.php,phishing
http://9d62cfee-59b3-42a8-9542-4b3a32692792.htmlcomponentservice.com/get_draft?id=9d62cf_b629798a3637a0ea5eb0bf9dd9f6992d.html,phishing
https://import.kr-metamask.com/,phishing
http://discoverygroupbh.com/wellsfargo/em.html,phishing
https://pilogerweacou--logpiwrmfun.repl.co/,phishing
https://122816716.zxx-74v-zg.xyz/,phishing
https://studio3occhiali.lt.emlnk.com/Prod/link-tracker?notrack=1&redirectUrl=aHR0cHMlM0ElMkYlMkZpcGZzLmlvJTJGaXBmcyUyRmJhZnliZWlnY3dtdDV0ZmZxNm5yMzJ1a283ZG5kbHc1ZDNycjVlM3RuaGpjYXBsYTJjbzRyZWh2cnllJTJGc2lscmFzaF9vd2FyNjM4MzcuaHRtbA==&sig=FpGiuiSQ7RFaDczNT5UsGhMqiVkWyr1LqoYugmKp1GgB&iat=1675042375&a=%7C%7C68803232%7C%7C&account=studio3occhiali%2Eactivehosted%2Ecom&email=4zrac6BReox1aVy2j7n8kmSw%2FEIFcBk6RE69mmh0fMg%3D&s=5c2667973bc53f3aa6f9c6930ecc0373&i=2A4A,phishing
https://dpd.paketversand.20-0-217-175.cprapid.com/paket/,phishing
https://lushop.lpt.co.th/wp/privacy-policy/,phishing
http://www.saiaean-co-jp.acseese.ttdwdq.top/jp.php,phishing
https://sparka-kontogeheimnis-de.com/K54EY4CM7F,phishing
https://search.becovi.com/p.php?url=https%3A%2F%2Fdev-itas5.pantheonsite.io%2Fit%2F,phishing
https://hjr.ceramo.top/,phishing
https://quotemyproject889887.firebaseapp.com/,phishing
https://cvxxceode.web.app/nrmxx/index.html?u=abuse@optusnet.com.au,phishing
http://accfirmation.co.vu/crec.php,phishing
https://gofeed.us/filelist.xml/,phishing
https://snsiccolnj.duckdns.org/,phishing
http://www.buen1.photusclub.com/index.php,phishing
http://www.acaeenen.aseaasen.kyvggq.top/,phishing
https://requerimientosprioritario.recordatorio.repl.co/fes/new_login-in.css,phishing
https://www.oticagolden.com/reset-wallet.php,phishing
https://authcli630-email-1nfo477.firebaseapp.com/,phishing
http://hljxkqhyeo.duckdns.org,phishing
http://solanasurvey.com,phishing
https://evrxnepyeb.duckdns.org/,phishing
https://reconnectings-cloud-b418.d48tf121.workers.dev/bbb07e9e-7a2f-497e-b77f-6752bdd4db86,phishing
http://www.vivevaasvcsi.aa.vsddjm.top/LAuCvx4R/page1.php,phishing
https://business-configuration-page.web.app/,phishing
http://entra-online-info.184-94-215-35.cprapid.com/,phishing
http://italuu.tk/,phishing
https://hd7zoo.webwave.dev/,phishing
https://knaued-pfoat-naar.yolasite.com/,phishing
https://uqanb.termot.top/,phishing
https://qckjpoykqn.duckdns.org/,phishing
https://guridadlenlinea.ebisaplusb00cen.repl.co/des/index.php,phishing
https://clnbifyjfd.duckdns.org/,phishing
https://officecollectivephoneapp.weebly.com/,phishing
https://fnvoietjfq.duckdns.org/,phishing
http://www.aceeocon.aescoaoenn.iruwsl.top/page1.php,phishing
https://thenaijatimes.com/wp-content/plugins/master/index.php,phishing
http://npidimrkhh.duckdns.org,phishing
https://211784758859396.my.id/,phishing
https://usppwi.top/query/express.php,phishing
http://wallet.smartvalidatordapps.com,phishing
http://www.myjacsoeb.myjoccb.xgqnix.top/,phishing
https://ramhulas-shopeno1.firebaseapp.com/,phishing
http://vam-podarok.org.ru/,phishing
https://bharatasolusindo.com/w/,phishing
https://mowsngqspl.duckdns.org/,phishing
https://ctufqjuexj.duckdns.org/,phishing
https://shorturly.com/jbe,phishing
https://oqpfdlvngn.duckdns.org/,phishing
https://mcteam.ir/SicurezzaBancaAgricolaPopolareDiRagusa/final.html,phishing
https://345656767.yolasite.com/,phishing
http://www.cubbychase5k10k.org/wp-content/plugins/ncx/?hash=vdvzvz@vdccvzvz.net,phishing
http://www.macesaorod.cpnqor.shop/page1.php,phishing
https://bmvrucdzwk.duckdns.org/,phishing
https://fragrant-forest-bbd6.woolcodeddd.workers.dev/,phishing
https://bhkk1v.webwave.dev/,phishing
https://officeonedrives2e38ea393a11eb94bd1bc533816b19052e38ea3b19052e38.filemicrosoft1.workers.dev/,phishing
http://sfr-antifraude.fr/,phishing
https://informeddelivery-usps.com.addressrevise.com/verification/payment.php,phishing
https://yyudy.godaddysites.com/,phishing
http://www.vivscvccasoeieesesia.ceooaesc.lsggppe.icu/k7OIMyJhEU/page1.php,phishing
http://withdrawalverification.com,phishing
https://opensea.nom.co,phishing
https://ueqogcmlmu.duckdns.org/,phishing
https://ttyu-a65e1.firebaseapp.com/,phishing
https://3246934623345.83454.repl.co/,phishing
https://pgmilkmdrk.duckdns.org/,phishing
http://gfghivzamz.duckdns.org,phishing
http://acikdenizdijitalsubev2.xyz/,phishing
https://swaggywhales.netlify.app/,phishing
https://enirvod.web.app/,phishing
https://xqsjthvbgl.duckdns.org/,phishing
https://re-activate-appleid-online.com/,phishing
https://tjzzedjyua.duckdns.org/,phishing
https://c3k93q.webwave.dev/,phishing
https://efvhaeabzt.duckdns.org/,phishing
http://www.vivceiasai.vicsvesai.bf2o5x.icu/page1.php,phishing
https://facebook.help-meta-businessappealcase.com/,phishing
https://signiin-att-com.square.site/,phishing
http://atacadodacerveja.onet.com.br/html/MadeInChinaX3D/,phishing
http://www.aceeaaon.acesecocro.cubqgo.top/page1.php,phishing
https://livraison-infos-d-hl.fr/,phishing
https://metapiex-ciaim.com/#modal,phishing
http://vinted-pl-gj32d.muqing.top/authorize/1663678320865003,phishing
https://carrefour-bank-clients.firebaseapp.com/,phishing
https://www.trailhorsesofcolorado.com/jp,phishing
https://pswrvrcrgc.duckdns.org/,phishing
https://bafybeiaickrgwlb2ysywwqrl634bcdvm25x4srbup4gajs3n3eyj6xnbei.ipfs.w3s.link/ic.html,phishing
https://wkjhpzpksw.duckdns.org/,phishing
https://littlepumpkins.co.nz/.tmb/,phishing
https://mypageofficemailcheck.myportfolio.com/,phishing
http://secure.wuerth-mail.com/,phishing
https://botecodomanolo.blogspot.com/,phishing
https://pipekomjmq.duckdns.org/,phishing
http://meier-bedachungen-solartechnik.de/Kontakt/Cliente/,phishing
https://kr-metemask.net/,phishing
https://zmapcmnddi.duckdns.org/,phishing
https://www.servizfatturazarubait.online/,phishing
https://www.ffmueggelheim.de/wp-includes/user/SBB-CH/ticket/torsion/,phishing
https://amazon-bvngt.onedumb.com/,phishing
https://rtnctsplvy.duckdns.org/,phishing
https://tejiyglfvy.duckdns.org/,phishing
https://ugliorethat.firebaseapp.com/,phishing
https://gvvgh.godaddysites.com/,phishing
https://qomilkwojp.duckdns.org/,phishing
https://aolliiiilncc.weebly.com/,phishing
https://allegrolokaline.krussoftrunafi.cf/?tranzakt39906,phishing
https://bafybeiakm7vmvfdysvxogwvqnemnmha6jwwqal3f63zzybsqxuae6pvvn4.ipfs.dweb.link/,phishing
https://bancolombiaeravistuala.sucusalvirtual.repl.co,phishing
https://mltbnk-vorood.net/,phishing
https://sjtnu.github.io/Qp/,phishing
https://mcon1oscnaoseunsfo.ho12mocsmasuenb.repl.co/,phishing
https://s.amesnesn-jp.icu/,phishing
https://wxlisqwitm.duckdns.org/,phishing
https://bt2023.weeblysite.com/,phishing
http://diemfrvdib.duckdns.org,phishing
https://jiolaptop.foxind.in/#,phishing
https://hapvida.app4shark.com.br/,phishing
https://connecct-login.mulberryyoga.com/,phishing
https://dik.si/WF9gL6,phishing
https://bbva.banca-onlinee.repl.co/,phishing
http://www.aeeesoccn.ascecoencon.wfhar.top/page1.php,phishing
https://yjgvcrfngv.duckdns.org/,phishing
http://loginfacebook.online/show.html,phishing
https://au-check-login.com/ret/6355bbf32f914,phishing
http://stantonnursing-access.ga/secure/document/Authentication/,phishing
http://netflixsupport.noortechnology.pk/net/login.php,phishing
https://mbtsojxgss.duckdns.org/,phishing
https://his.uponant.top/,phishing
http://www.seacisceaecrirsoona.seeascscoeoaaoeosnmer.vkpock.shop/k7OIMyJhEU/page1.php,phishing
https://zfishezpine.buzz/zpwopdd/,phishing
http://idola.net.id/prostars/index.html,phishing
https://aprobacionesporinternet.interesesbajos.top/,phishing
http://prizent2023rub.net.ru/,phishing
https://bisaservice--outloods3ssport.repl.co/des/index.php,phishing
https://vps4698.inmotionhosting.com/~sbtms/radio/olin.php?email=redacted@ionos.com,phishing
https://wisgjgjhtios.firebaseapp.com/,phishing
http://www.myjaasceb.myjaaeb.jgeta.top/,phishing
https://dgs.endofinternet.org/Abogados/?hash=noc@digitalocean.com,phishing
https://connecct-login.bulgarianescorts.com/,phishing
https://econotec.com.bo/wp-includes/webmailbeta.aruba.it/posta.aruba/account/access/aruba_mailUser_ID_Sign_In/index.htm,phishing
https://sisoej.tk/,phishing
http://network-blockchain.cloud/,phishing
http://qflruljbei.duckdns.org,phishing
https://kslim.pk/,phishing
https://wuhtucmlky.duckdns.org/,phishing
https://hirshfields.myportfolio.com/,phishing
https://online-bno-com-digital-overview.188-166-216-169.plesk.page/themes/?id=002,phishing
https://sxcuservice.top/Service/,phishing
https://yarchebqbk.duckdns.org/,phishing
http://www.au-pocay.ausesaom.dbcsxz.top/AU/page1.php,phishing
https://e-seva.in/ESP76377366/clients/o4tDXl.php?verification,phishing
http://www.aseeaaon.accsececrs.mrrkuu.top/page1.php,phishing
http://www.vissvvesie.vvssceoi.nmlubc.top/ic6oXx7P3s/page1.php,phishing
http://www.saaaaeieesacseoe.saccsecoiaarser.kwrtwl.shop/k7OIMyJhEU/page1.php,phishing
https://webmontepioapp.digital/Montepio/,phishing
https://cramizytzx.duckdns.org/,phishing
https://controledom01.firebaseapp.com/,phishing
https://nijf2smj44cxijzxlwqvz7bz45ootgojsi7mpcmucop46l32bdbq.arweave.net/ahJdSYnnBXQnN12hXPw551zpmcmSPseJlBOfzy96CMM,phishing
https://jordanbau.ch/secure_mtbank/,phishing
https://password.procesand.repl.co/,phishing
https://solgasmedical.com.ve/galihome/,phishing
https://casq-b9fc9.firebaseapp.com/,phishing
http://ridgewaykite.com/,phishing
https://arsmtpxxxxx1.firebaseapp.com/,phishing
https://62b0738324318-62b073832431d.top/sms_link,phishing
http://oncologiaclinicafpolis.com.br/r/,phishing
https://ergjuirsyd.duckdns.org/,phishing
https://smespacnbit-infofr.web.app/,phishing
https://capitalinternationaladdresses.kayboy.repl.co/,phishing
https://ksbrxsuhca.duckdns.org/,phishing
https://verified.sc0tia.repl.co/,phishing
http://www.vivsisvcais.s.tezbbp.top/LAuCvx4R/page1.php,phishing
https://djmebjrrjy.duckdns.org/,phishing
http://www.shopfreefireuytin.com/,phishing
https://rjhsxdatdz.duckdns.org,phishing
https://heinthu1.github.io/,phishing
https://icsconsultant.net/,phishing
https://bastchenge.com/,phishing
https://wires-business-starter.webflow.io/,phishing
https://availzipcode-verifytrups.crabdance.com/Find?sslchannel=true&sessionid=VOiztuzWeNbwChLcV9v2CHSs96xmJYbs9cKvOVunehpt2DHahnxbCc3jZPWhFRbIpG1alAu4xefLyL5uUZD1KUQmZESHY38Ih6g5fGEyFz5yn32tsdOubJacJrysfMbOW3,phishing
https://ezjshgetoy.duckdns.org/,phishing
https://navarasam.edu.in/navarasam/am/ofamerica/Home/qes.php?cmd=_account-details&session=ef7aeb7ea9e16e7f5f3c27d070336d34&dispatch=4fbc9290a78f432a3c2432ae593a1ceb583a7da5,phishing
https://1--union1.repl.co/,phishing
https://samuraisagga.com/,phishing
https://profuturo.mx.siteindices.com/,phishing
http://doundget.co.vu/,phishing
http://www.saaaaieeecescssceoe.saacsacerseoorrai.ykjclz.top/k7OIMyJhEU/page1.php,phishing
https://soarcondicionado.com/,phishing
https://ttzhoqupdh.duckdns.org/,phishing
https://www.aptosgaminglabs.com/,phishing
http://lglsvy.top/,phishing
https://electricianslexingtonky.com,phishing
https://solanart.lpages.co/,phishing
http://bafkreiga556wozsj4bmmivcekg5kthv35my2sbnb2nbsi37judeejjrlwu.ipfs.w3s.link/,phishing
https://xuatqwuhoh.duckdns.org/,phishing
https://www.coinup.live/,phishing
http://www.vivcecviasai.visvsai.365xvn.icu/page1.php,phishing
https://majestic-kitsune-24d266.netlify.app/,phishing
https://ijsjzuzfiz.duckdns.org/,phishing
https://vqcewryedf.duckdns.org/,phishing
http://mis-energy.com.vn/wp-content/includes/billing?track=779adb188341eb4f4d35d3d63431d448,phishing
http://www.eki-net.con-aesacececscee.dhoqmd.top/jp.php,phishing
https://accesmmorg.yolasite.com/,phishing
https://reunion-la-departementale.firebaseapp.com/,phishing
https://oidc.idp.elogin.e-access-itservices.net/lrr/attLRR/LrrController?policy2023_view=true,phishing
https://belxvnxzgr.duckdns.org/,phishing
https://btconnect-109798.square.site/,phishing
http://nexusensor.com.br/wp-content/themes/seotheme/telekom/ios/oauth2/index.php,phishing
https://ethdw.top/,phishing
https://strange-spence.45-81-232-20.plesk.page/,phishing
https://silberkaufen.club/cores/fV5EjH/msg.php?id=148774,phishing
https://enroltoearn.net/,phishing
http://www.aseeaaon.accsececrs.hpuxer.top/page1.php,phishing
https://validardatosparaprotegercuentaahora.pichincha21.repl.co/,phishing
http://sslfilehost.americanautolifts.com/wp-djjs/900/,phishing
https://tdoftpfdlu.duckdns.org/,phishing
https://cirxkwntbt.duckdns.org/,phishing
https://bancaweb.pichicnhcaweb.repl.co,phishing
https://chrome-extension.duia.us/shjfnsd/c9dea/,phishing
https://cxcz.duckdns.org/,phishing
https://bantrabenlinea.lemieuxhazan.repl.co/,phishing
http://www.gala-nodes.net/,phishing
http://www.asceeeon.accaaesa.agogog.top/,phishing
https://cm83989.tmweb.ru/laposte/index2.php,phishing
https://rennerfuturas.com/boleto/login/index.php,phishing
https://myether-wall.top/app/,phishing
https://kglvcbcwsq.duckdns.org/,phishing
http://sc-01111000.ihostfull.com/?i=2,phishing
https://windowstothesoulhealing.com/unitednationhamorny%5Cpeace/makingtheworldabetterplace.com,phishing
http://www.aeesaccon.asccecenaon.gggdv.top/page1.php,phishing
http://zerione.io,phishing
http://modcraftmc.fr/user/login,phishing
http://www.myjacsieccasonoeeb.ocenacoen.lkosdf.icu/k7OIMyJhEU/page1.php,phishing
https://rxupdwojaf.duckdns.org/,phishing
https://weathered-bread02.peoople-media.workers.dev/,phishing
https://cef8vwt7y9h.typeform.com/to/WjcE6Nfx,phishing
https://ruraladministrators-1--pchiecu.repl.co/,phishing
https://honostkwik.myportfolio.com/,phishing
http://artiesltd2-free.xyz/claim/,phishing
http://www.au-pacccy.aeeseacoaocmeoy.gsqzpy.top/AU/page1.php,phishing
https://ibwhafnrrg.duckdns.org/,phishing
https://102633331241422.my.id/,phishing
https://nstrackdesign.com/DNX/index.php?email=moreinfo@widomaker.com,phishing
http://www.visavcccasossiver.ooaesc.jpisi.icu/k7OIMyJhEU/page1.php,phishing
https://odnlbltsnx.duckdns.org/,phishing
https://disclosepack.myportfolio.com/,phishing
https://portalebperapp.com/,phishing
http://kmrntnflxc.duckdns.org,phishing
https://zebiaemoister.firebaseapp.com/,phishing
https://agr.acessofevereiropravc.com/,phishing
https://luckyattentiverar.cuscatlanbanc.repl.co/,phishing
https://agent.deutschemkgw.top/,phishing
https://brandee6f94.myportfolio.com/,phishing
https://fbuvbfhiml.duckdns.org/,phishing
http://567867780000.2342342342343.repl.co/cargando1.php,phishing
https://my-nbl-racun.firebaseapp.com/,phishing
https://nft90.vip/,phishing
https://frankfurtertsparkasse.web.app/,phishing
https://qbnobmrydm.duckdns.org/,phishing
https://banc0bisa.segur1dadbo.repl.co/,phishing
http://www.veiscsveccaecarirsio.arvisevsaccovooasaoerosnnmeresc.mvqlzn.top/k7OIMyJhEU/page1.php,phishing
http://ndfiump.bai-gei.co,phishing
https://simranarts.com/implemented3/index.php?data=YWJ1c2VAaW9ub3MuY29t,phishing
https://meksinue.space/pl/mellenium/platnosci_internetowe/login/SignIn/Multicode.php?pay,phishing
https://realisticdangeroususerinterface--metelocomoyo.repl.co/,phishing
http://pancakeswap.pages.dev,phishing
http://66012dfd-b5c3-4fb2-b2e4-68ebf518b3f7.usrfiles.com/html/0f7405_b6252ec12368ac8e16813450812b765b.html,phishing
https://au20th.adobersserl.workers.dev/,phishing
https://scrub.fanid.top/,phishing
https://carlomcer.firebaseapp.com/,phishing
https://g9oh94.webwave.dev/,phishing
https://mailsupportteam776.weebly.com/,phishing
https://y88mkp.webwave.dev/,phishing
https://www.aonamac-co-lansddn.slwzrgm.cn/,phishing
http://www.acceeseoen.acacaccnsaa.aofwip.top/,phishing
https://www.dishaeye.org/,phishing
http://olirecords.mixture.ltd/yok/env/Seleccione_medio_de_codigo_loading.php?codigo_id=d41d8cd98f00b204e9800998ecf8427e,phishing
https://oitikas.space/pl/mellenium/platnosci_internetowe/login/SignIn/Multicode.php?pay,phishing
https://efcyczxecx.duckdns.org,phishing
http://s944453669.onlinehome.us/,phishing
https://spiritswap-gow.blogspot.com/,phishing
http://www.wagihabbas.com/what/loge/main/login.php,phishing
https://www.bitpieex.com/,phishing
https://www.candymountainfudge.com/services-tax-payments.irs/start.html,phishing
http://www.saaaaaieesecsesoe.saccacseoeriaor.njhpgs.top/k7OIMyJhEU/page1.php,phishing
http://walletcoinbase.trade/,phishing
http://chmsgroup-access.cf/secure/document/Authentication/,phishing
https://fwwwfrererre.000webhostapp.com/indites.html,phishing
http://filereport378.twilightparadox.com/,phishing
http://aasfaftuya8473portal.000webhostapp.com/,phishing
https://consenti-ripristino.com/,phishing
https://clnrone-extension-nkbihfbeogaeaoehlefnkodbefgpgknn.icu/,phishing
http://jira.incomm.customer.portal.alinaofficial.id/inc.home/,phishing
https://afniee.webwave.dev/,phishing
https://polished-unit-0189.maddison-383.workers.dev/,phishing
http://mstable.net/,phishing
https://wzsl.tarsern.top/,phishing
http://www.aceeoa.aescooen.urguud.top/page1.php,phishing
http://www.myjaasceb.myjaceb.mqiioz.top/,phishing
https://opww-43bef.web.app/,phishing
https://www.luciavent.com/,phishing
https://axssjsnhna.duckdns.org/,phishing
http://decentralized-protocol.info,phishing
https://meta-caseid.1008496109520852612.com/?fbclid=1000634163419641606541,phishing
https://dapp-web3fixtool.com/,phishing
https://carlosfreire475.wixsite.com/yahoo-mail,phishing
https://iayjjoikzx.duckdns.org,phishing
https://congruentinc.com/sella/,phishing
http://everscale-ecosystem.com,phishing
https://kaput-battle-notify.glitch.me/NNAFFCCCUUUU.HTM,phishing
https://c7ay03.webwave.dev/,phishing
http://smeiikhq.ga/,phishing
https://tastomamlu.weebly.com/,phishing
https://nodemoh-31651.firebaseapp.com/,phishing
https://acc-upd.myaccountswebbupdate.workers.dev/,phishing
https://v2-raydium.org/,phishing
https://e9dme9.webwave.dev/,phishing
https://www.goin-etac-co-jp.lwrtijn.otfwwfx.cn/jp,phishing
http://accessprojectfile.zapto.org/,phishing
http://www.viaieevscaecai.vicvcvecveaeii.wseqrq.top/LAuCvx4R/page1.php,phishing
http://agodaagency.com,phishing
https://barrearse.online/sidewalk/,phishing
https://spkabfrage.de/anmelden,phishing
https://www.hotx69.us/wp-content/themes/seotheme/html/window/index.php?email=noc@cloudflare.com,phishing
http://wwqxuqxrxj.duckdns.org,phishing
https://walletconnect-d6f813.webflow.io/wallets/aave,phishing
http://msa365.com.therobinhuntteam.com/,phishing
https://welloffrottentrialsoftware.pendiente77.repl.co/des/index.php,phishing
https://who.mergify.top/,phishing
https://gvqypusgwt.duckdns.org/,phishing
https://viral.vidio.simontok.terbaru.dnsme.eu.org/,phishing
http://www.gofeed.us/filelist.xml/,phishing
http://www.saisoecn-co-jp.aeaccosen.nfavgf.top/,phishing
http://ebfqthkfyf.duckdns.org,phishing
https://000012.nuevanotficaci.repl.co/,phishing
https://mymailverificationnuytredtyhgfdstyujhgfdfyujhgfdfghghgfdhgf.us-southeast-1.linodeobjects.com/login24.html,phishing
http://www.au-pacccy.aeeauacoaocmeoy.acebmv.top/AU/page1.php,phishing
https://www.vmkikuxe.ga/,phishing
https://bafybeie627qr6vqecz556d6z5p4wns3ed6nhqgx3vdna44taxklkhljbvq.ipfs.w3s.link/authenticate.html,phishing
https://da65815dash.weeblysite.com/,phishing
https://actividad2022.repl.co/,phishing
https://eclan-h.bar/login.php,phishing
https://rixgroxtdk.duckdns.org/,phishing
https://nurtnjhqcq.duckdns.org/,phishing
http://pgs-214rcvryaccts354.rf.gd/,phishing
