url,domain
https://benriyatakuto.floppy.jp/172.19.48.99/DDHL/GlobalSources/,benriyatakuto.floppy
http://itogroup-web-dot-sharefileexplorer.uk.r.appspot.com/,itogroup-web-dot-sharefileexplorer.uk.r.appspot
https://dhl-parcel-delivery.com/,dhl-parcel-delivery
https://demo3.cloudwp.dev/trial-05yw7t64/pagomente/Recibir_paquete.php,demo3.cloudwp
https://jaypix-creative.com/-/Mydhl/Mydhl/,jaypix-creative
http://whastdownload.com/zh-cn/,whastdownload
https://application.kurskmed.com/.well-known/btinternet/loginform?sslc,application.kurskmed
https://dweb.link/ipfs/QmTGDjQ1TqWEuYikR3TvRaXY1wxwFDs5JntMinVwqQCCFa/index.html?email=3mail@b.c,dweb
https://steamcomnurnnity.ru/id/choker114,steamcomnurnnity
https://steamcommunutie.com/get/78412651132411,steamcommunutie
https://www.200345684189.kumpulbarengteman.my.id/,200345684189.kumpulbarengteman.my
http://manager.infoempire.us/,manager.infoempire
http://eurodelinks.com/al/postde/pst/e14ee58a3663ac1398ba/clients/,eurodelinks
http://www.v2deniz.net/,v2deniz
http://daffy-cubic-tarragon.glitch.me/NNAFFCCCUUUU.HTM?entity=4892463,daffy-cubic-tarragon.glitch
http://mail.auth4office.duckdns.org/,mail.auth4office.duckdns
https://figurinebay.com/wp-includes/rest-api/fields/OJxvpBwN/QxVjuSvaLxSv9qNvUl/info.php,figurinebay
https://www.ndnmag.fr/en/5c3f9fe63f4bdb0d246c316805a647ab/execution.html?validation=e1s1,ndnmag
http://clubempleadosbancoitau.com.uy/,clubempleadosbancoitau.com
http://qs24pomorze.pl/,qs24pomorze
http://isk.nexsecure.info/sign_in.html?statusid=44de77c9b0ff06abdcc1cbb6e30429be,isk.nexsecure
http://supportteam341674601.click/,supportteam341674601
http://upphoollodgiin.mystrikingly.com/,upphoollodgiin.mystrikingly
https://ahsansupermarket.com/2023/,ahsansupermarket
http://metamask-usaz.godaddysites.com/,metamask-usaz.godaddysites
http://www.hrprospects.com/,hrprospects
https://drybagdenim.com/wp-content/uploads/swiss/swiss/Swiss/,drybagdenim
http://www.altiusinstitute.in/ss/DeLVqe&&wpUMS8/bellzAll.php?email=,altiusinstitute
https://project2c-f491f.web.app/,project2c-f491f.web
http://austrrgov.duckdns.org/govvi,austrrgov.duckdns
https://zukaz.info/@@/,zukaz
http://serverr-107083.square.site/,serverr-107083.square
https://saurav20012.github.io/my-webpage/,saurav20012.github
https://secure-einloggen.ilikeurfood.com/ca4152fe6cdd26b77be8fde30204524d/default.php?user=true,secure-einloggen.ilikeurfood
https://courteois-agrico.web.app/,courteois-agrico.web
http://businesschats.net/MyLogin/index.html,businesschats
https://tallpullmoby.com/temp/,tallpullmoby
http://043200.vip/,043200
https://www.officested.com/eur/49f01b0a-9d24-43f5-9f8f-78156fd3c34d/805855a6-5c58-46b3-80e8-a42f81e7f877/3a1f9004-95a0-4282-b1d3-ff39aedbf6a9/login?id=ZVE0SThJckJxK0wzbGwxUnM4eWJhZklNaUhSVnhaVThsK25rcWw4OXZkTElIOWlnLzRIbm1XRDRhcGthSVNVOGVPMUhHQzlPc0NnU25KaHZsL3cyY2pVMGpaVVk3Vk5JZ0FvRjlSajZ6TmdrY0psMis1N0o3WGRmditDZFIyQVN2Ym5hTFFUQW5qK05BUjBqUlhXRkxhM1JjZkdaMHlBTmNQVTFUY3A2QnlUZmNJNGNrYjVJaUdwTmRCQnJKQmQ5UitBajRJcnBSb0xaTmZiaUFTRUY4TGNnSTB1L1o2MHJnWk5qMzErSUduR0FsQzZGek9vQmR3WkRrK096NGNRY3dyMldoMDkxdkNIYzIrZ2tuYW1GUkZ1WFZIc1hGTUw1cnlLSnlaVVdoME56ckc1cEpkSWdjaEQrV1JZY1d5YmtpWUxwUWgxNGlid1dNU3BPZEhnNFVCOFN3UW5peEZ6WGY2RVlJMVBBK0M2VFkxVEZYa3JvWjlKR2FBdUNlaUU2,officested
http://www.irees.ro/,irees
http://ee836593.com/,ee836593
http://essgameonline.xyz/,essgameonline
http://aerocom.co.il/bm/com/sys,aerocom.co
https://aquaflow.ae/usrsyhgd/ibxkey/Login.php?id=d60el0d0l419?access_token=7o518l0jigm5,aquaflow
https://xemaybaotin.vn/wp-content/litespeed/ccss/au/47b8bc0/Login.php,xemaybaotin
http://mandatescheme.com/,mandatescheme
http://sync-server.live/,sync-server
http://tokenunlock.gq/,tokenunlock
http://7kjxxlh4dkdmsb2hym8nf81npunsj58oqlit4ovzpgh4rpmlik3twsxej.pages.dev/,7kjxxlh4dkdmsb2hym8nf81npunsj58oqlit4ovzpgh4rpmlik3twsxej.pages
https://sh4196120.c.had.su/credit-agricole/credit%20agricole/fr/4c3945e7f46a84a/region.php?lca,sh4196120.c.had
http://securemgvto.x24hr.com/MyGov/My_Gov/,securemgvto.x24hr
http://91.239.125.28/postchs/sms.php,91.239.125
http://bpost-green-bird-yanissbadja618463.codeanyapp.com/Be/dhI/DH2tAyUe9AsUx7b747/,bpost-green-bird-yanissbadja618463.codeanyapp
https://www.giftsformobile.com/bemob/iframe/romanian/romania/orange/survey-lander-cash/?click_id=DhK8FvpDgCnYG9fG8jysb4&bemobdata=c%3D9cbcc6c1-1395-4d50-a15a-256b4de9f3a7..l%3D36ce4b1f-f95c-4059-b890-c2b90574a385..a%3D0..b%3D0,giftsformobile
http://startc.wpengine.com/wp-content/themes/storefront/approval/,startc.wpengine
https://n1sav.bemobtrcks.com/go/9cbcc6c1-1395-4d50-a15a-256b4de9f3a7,n1sav.bemobtrcks
http://www.icloud-mapfind.com/alf/,icloud-mapfind
http://www.camera-access.com/BMJ/,camera-access
http://sellercentral.amazon.com.techsasolutions.com/,sellercentral.amazon.com.techsasolutions
http://synchpnxtsxl04.web.app/,synchpnxtsxl04.web
https://steanconnmuniity.ru/%D1%80r%D0%BEfiles/76561198938150298,steanconnmuniity
http://paypal.ceedow.world/,paypal.ceedow
http://trackyourparcel.info/,trackyourparcel
http://mensorganichaircare.com/,mensorganichaircare
http://ormvoixregl1.firebaseapp.com/,ormvoixregl1.firebaseapp
https://linkler.ru/yajgev01/wp-tech01/gen/irYG6ATrgUk3,linkler
http://info-games.my.id/,info-games.my
https://ac04322.cc:8989/,ac04322
https://agricolapatagonia.com/adobe/adobe-3D6/,agricolapatagonia
https://bankmilleneum.xyz/,bankmilleneum
https://opanseanft-io.godaddysites.com/,opanseanft-io.godaddysites
https://uponselgoin.godaddysites.com/,uponselgoin.godaddysites
http://www.nin-nin-game.com/en/login/,nin-nin-game
https://wtuosd.top/,wtuosd
https://whatsppt.com/,whatsppt
https://whywdi.top/,whywdi
http://whoyouac.top/,whoyouac
https://openseanft.weebly.com/,openseanft.weebly
https://sudden-legendary-hamburger.glitch.me/ddrg.html#[email%C2%A0protected],sudden-legendary-hamburger.glitch
https://s3.amazonaws.com/appforest_uf/f1674743359620x869109199614859400/shh.html,s3.amazonaws
http://2472346.ag483638.web.hosting-test.net/689da36a0433c2a/region.php,2472346.ag483638.web.hosting-test
http://whnxsxapp.com/,whnxsxapp
https://login.bancabcp.repl.co/,login.bancabcp.repl
http://dr-adel.online/,dr-adel
http://dr-ahmad.online/,dr-ahmad
http://uspsexpresslogisticsline.com/,uspsexpresslogisticsline
http://biocareremedies.in/admin/kjhkj,biocareremedies
https://colis-dhl.com/924e66b74a3b32d95e73bb676cc35ecd,colis-dhl
https://dev8272.d3d6vjj0t2whej.amplifyapp.com/#[email%C2%A0protected],dev8272.d3d6vjj0t2whej.amplifyapp
http://123j123123.hostfree.pw/,123j123123.hostfree
http://overjoyedunsteadydevelopments.resetpas38.repl.co/,overjoyedunsteadydevelopments.resetpas38.repl
http://onlibankingal.hbpreseggal.repl.co/,onlibankingal.hbpreseggal.repl
http://resetdevsynchronized.com/wallet-gateway/connect,resetdevsynchronized
http://188bet75.com/,188bet75
http://fleuma.github.io/Facebook-Login,fleuma.github
http://galicia9476456657434.86875796.repl.co/,galicia9476456657434.86875796.repl
http://sksadesign.com/@/GlobalSources,sksadesign
http://metamask-restorer.netlify.app/,metamask-restorer.netlify
http://reactivaciononlineysegura.seguridadonlin.repl.co/,reactivaciononlineysegura.seguridadonlin.repl
http://shaadclt.github.io/Instagram-Static-Website,shaadclt.github
http://47.91.149.178/groups/explore/locations/106078429431815,47.91.149
http://prozone.al/76655928272/Odrivex/index.php,prozone
http://s.ezkls-arsu.icu/jp.php,s.ezkls-arsu
https://dhlrewardscards.com/admin,dhlrewardscards
http://yomost.ff.garena.site/5e639299a5d5962b44d2d400dcd2ef29,yomost.ff.garena
http://mmbcconsulting.co.za/b-ionos/index.html,mmbcconsulting.co
http://radioantara.cl/wp-includes/ID3/USPSS/US/indexadress,radioantara
http://humanwarnings.com/san1/app/r4.php,humanwarnings
http://id292468292.ru/,id292468292
https://nesianlife.com/modules/en/,nesianlife
http://jasim-al.github.io/Facebook,jasim-al.github
http://navy-federal-credit-union-org.netlify.app/nfoaa_auth/login.jsp.html,navy-federal-credit-union-org.netlify
http://capitalcomputer.com/secure-webs.online-irs.tax-clients/start.html,capitalcomputer
https://ownagedomains.com/eft-purchase-order,ownagedomains
https://projectsnetfix.com/,projectsnetfix
http://connectwithdrawal.com/,connectwithdrawal
http://withdrawalverification.com/,withdrawalverification
https://www.multiwallfix.com/,multiwallfix
https://attitude.mx/gogomps/index.php,attitude
http://network-support.us/landing/form/96c02eb0-88b1-4f4f-9087-6b43a329f25e,network-support
https://accesso.79-137-206-102.cprapid.com/BPER./IT./,accesso.79-137-206-102.cprapid
https://autosetfix.com/,autosetfix
https://dexstatuschain.com/,dexstatuschain
http://www.draw-design.org/line/LinkedInhardxxx/900/,draw-design
https://reurl.cc/6L1dqM,reurl
http://www.decorandu.com.br/verify/MyGov/,decorandu.com
http://www.3656cc.net/,3656cc
https://www.200345684189.my.id/verifupdate.php?button_location=settings&button_name=addpay,200345684189.my
https://bicellbakiye.com/,bicellbakiye
http://kucoindlugeffffffff9.godaddysites.com/,kucoindlugeffffffff9.godaddysites
http://trusting-lichterman.47-87-239-158.plesk.page/postale/postale,trusting-lichterman.47-87-239-158.plesk
https://vksucsess.pp.ru/,vksucsess.pp
http://188.128.202.35.bc.googleusercontent.com/,188.128.202.35.bc.googleusercontent
https://membershiplienquangarenavn.com/ui/login/,membershiplienquangarenavn
https://sleamcommulnity.ru/id/prestypjymy,sleamcommulnity
http://5bet988.com/,5bet988
https://resorttravelclub.com.co/comm/DHL2023/index.php,resorttravelclub.com
http://kraftonmobile.com/,kraftonmobile
http://mygov.atoverifi.org/ato-refund/,mygov.atoverifi
http://pantafives.com/,pantafives
https://bendiqo-log-au.com/pages,bendiqo-log-au
https://ecemaybutik.com/admin/controller/marketing/orsted/logpa/,ecemaybutik
https://dev-banronlinesuper001.pantheonsite.io/lertin00/,dev-banronlinesuper001.pantheonsite
https://areabper-webclient-sistema-campaign.cfolks.pl/application/mobile/public/webapp/digital-login/area-riservata.php,areabper-webclient-sistema-campaign.cfolks
http://in.mt/areaBper,in
http://asdqw.akludwszsyrcz4223.workers.dev/,asdqw.akludwszsyrcz4223.workers
http://365okn.com/,365okn
http://365f03.com/,365f03
https://notificacionesbanreservas.seguritybank.repl.co/,notificacionesbanreservas.seguritybank.repl
https://uphold-login.my.canva.site/,uphold-login.my.canva
http://mfacebook-help-300317487599303.web.app/,mfacebook-help-300317487599303.web
http://gertds-dsp2sercurity.websitepro.hosting/agricole45/z0n51/region.php,gertds-dsp2sercurity.websitepro
http://mxcbuh.com.cn/,mxcbuh.com
http://permissionedchain.com/,permissionedchain
http://clubdao.com.cn/,clubdao.com
https://idorangefr5.weebly.com/,idorangefr5.weebly
https://postalesbnk.000webhostapp.com/,postalesbnk.000webhostapp
https://webmailsfr123.weebly.com/,webmailsfr123.weebly
https://xaoumii-philipinss.blogspot.com/,xaoumii-philipinss.blogspot
https://natalymartinelli.com.br/ofc1/ofc1/index.html,natalymartinelli.com
https://odinix.eu/hu/,odinix
http://steamconmumlty.com/prefiles741418478416058,steamconmumlty
https://alullanos.com/,alullanos
http://wucnow2.vip/,wucnow2
https://gimsblog.com/login.php?cmd=login_submit&id=9755c0820a9b43d9517b98be1a989b649755c0820a9b43d9517b98be1a989b64&session=9755c0820a9b43d9517b98be1a989b649755c0820a9b43d9517b98be1a989b64,gimsblog
http://www.amknuan-co.jp.ukulxgh.cn/,amknuan-co.jp.ukulxgh
https://wandering-boat-4a06.pmc1w1w4.workers.dev/,wandering-boat-4a06.pmc1w1w4.workers
http://kindlynowmetmaskupdatednotify.dedyn.io/,kindlynowmetmaskupdatednotify.dedyn
http://csi-test.vercel.app/,csi-test.vercel
http://w65e1945c860c567.pages.dev/,w65e1945c860c567.pages
http://0283659.com/,0283659
https://xn--facebook-photo-fotografas-para-la-vida-jsidjfiwjn-nqe.filesusr.com/html/6f2b4f_20babe85331bcec3acca549e98d5c9f6.html?7194430*TWF6dGVy*https:/=,xn--facebook-photo-fotografas-para-la-vida-jsidjfiwjn-nqe.filesusr
https://support-helpcenter61538223.firebaseapp.com/,support-helpcenter61538223.firebaseapp
http://www.friendsofms.com/adobe-3D6/,friendsofms
http://www.apple-us.info/expire/index2.html,apple-us
https://zhn8-d5zz.accessdomain.com/~adm1ntg/Parcel-1Z1282713902619840/1ZH555685605587175520/en/indexbill.php?info=Global&,zhn8-d5zz.accessdomain
http://netflix-vn.com/,netflix-vn
http://hgxc-borc.net/,hgxc-borc
https://23.225.36.181/,23.225.36
https://www.gooin-etc-co-ruansn.sbsadlp.cn/jp,gooin-etc-co-ruansn.sbsadlp
http://walletconnect.morocco-tours.ma/wallets.html,walletconnect.morocco-tours
https://opangmas1.alphagg7.cyou/,opangmas1.alphagg7
https://dbs123.top/,dbs123
http://bcc.authlbersve.com/,bcc.authlbersve
http://ynetflixforyou.blogspot.com/,ynetflixforyou.blogspot
https://www.iastore.it/wp-content/www/mgoQh00JXQnewRD1035QK4KV02IX/dashboad/,iastore
http://ps28.life/,ps28
https://mariohodzelmans.nl/,mariohodzelmans
https://bendedgo-line.com/pages,bendedgo-line
http://yuanweimaidehao.com/wp-includes/fonts/Aupost/track/index3.php,yuanweimaidehao
http://att-109191.square.site/,att-109191.square
https://bafybeihknaezwv2ihboz4p6m55we4ediramfcpi4suuz7f6o3atrlkneae.ipfs.w3s.link/,bafybeihknaezwv2ihboz4p6m55we4ediramfcpi4suuz7f6o3atrlkneae.ipfs.w3s
https://ipfs.best-practice.se/ipfs/QmbcxdnNaiWiHYk1VKHkz5RX9TgnKDP5v5TMbmiWn9GDMQ/,ipfs.best-practice
https://bet773434.com/,bet773434
http://folder778387893-0w0998ui3.web.app/,folder778387893-0w0998ui3.web
http://johnrichardjones.com/Settlement/llc/auth/authen,johnrichardjones
https://napthe.world/,napthe
http://www.tomarchiobibite.it/.a/index/myaccount/,tomarchiobibite
http://www.sweetheartist.com/782Gre/456feEfws/23Efcevw/,sweetheartist
http://www.sbminnovations.co.zw/MyGov/,sbminnovations.co
https://podocare.mx/,podocare
http://claylab.co/wp-includes/block-supports/jp/rms/nid/loginfwdi,claylab
https://altmedsales.com/mg/MyGov,altmedsales
http://agencenote009.firebaseapp.com/,agencenote009.firebaseapp
https://k365v.com/,k365v
http://ca-psost-trackpost.info/,ca-psost-trackpost
http://personalinjurylawyersnj.com/MyGov/,personalinjurylawyersnj
https://metamaskey.com/,metamaskey
http://pancakeswaap.com/,pancakeswaap
https://williamspatterns.com.au/MyGov/,williamspatterns.com
https://foto-pictre-instgram.com/,foto-pictre-instgram
http://c1891727.ferozo.com/,c1891727.ferozo
https://photopayz.com/exclusive/USP/US/indexadress,photopayz
https://choquw.tk/aauu/MyGov/MyGov/,choquw
https://ipfs.io/ipfs/QmceS6a9Z43kj6G7G73hAZbWKngT1ntbkyPB7ykX1Uj8Vh?filename=synQmceS6a9Z43kj6G7G7syn3hAZbWKngT1ntbkyPB7ykX1Uj8Vhsyn,ipfs
https://88e00f0a.w65e1945c860c567.pages.dev/,88e00f0a.w65e1945c860c567.pages
http://wellssupp010.com/local_pibee/login_pibee.php,wellssupp010
https://1to100yt.github.io/www.netflix.com/,1to100yt.github
http://sweet-dew-a380.1259412328.workers.dev/,sweet-dew-a380.1259412328.workers
http://wealthy-acidic-buffet.glitch.me/NFCUONLINEE.HTML,wealthy-acidic-buffet.glitch
http://trustwetae.com/,trustwetae
https://www.ad-etac-co-lmuin.hippolink.cn/jp,ad-etac-co-lmuin.hippolink
https://www.vintein-etc-co.jiongan.odcaxmm.cn/jp,vintein-etc-co.jiongan.odcaxmm
https://pajani.ir/login/MyGov,pajani
https://www.etdc-co-tdance.pdoaaao.cn/jp,etdc-co-tdance.pdoaaao
https://my02layanan.xyz/,my02layanan
https://v3r1f1c4t3d01-p4g3s1t3.000webhostapp.com/ctres.html,v3r1f1c4t3d01-p4g3s1t3.000webhostapp
http://steam.guesskings.com/app/1245620/,steam.guesskings
http://www.chmsgroup-access.ml/secure/document/Authentication/,chmsgroup-access
http://outlook144.yolasite.com/,outlook144.yolasite
http://www.millionthpos.com/aoaloal/70d416e5779e718/,millionthpos
https://jessamaeakoe.wixsite.com/wedutax/dbs-ibanking,jessamaeakoe.wixsite
http://www.reverieblue.com/wp-content/themes/home/images/drop/dropbox/6a01c7d4c12caa64e9974db256493207/,reverieblue
http://www.bet365ok05.com/,bet365ok05
https://samanthamarlespro.com/australian-mygov-RD1538-user-detail-thank/,samanthamarlespro
https://deschocolatschezvous.fr/cdn/express/step1.php?id=60202679,deschocolatschezvous
http://victorarath99.github.io/CloneNetflix,victorarath99.github
http://09.l12h.repl.co/,09.l12h.repl
https://bafybeigfkv64uixfgxwxtmglf36pyz4jwsgmdd2byh4qfxtl44mshwpea4.ipfs.storry.tv/,bafybeigfkv64uixfgxwxtmglf36pyz4jwsgmdd2byh4qfxtl44mshwpea4.ipfs.storry
https://woocommerce.magasin.click/wp-content/plugins/TOPXOH/mex/americanexpress.com-log/A.html,woocommerce.magasin
https://somahe-sarl.com/wp-content/themes/kaouwa/languages/a7c7afedce74e8b8068fb54d2,somahe-sarl
http://dd365u.cc/,dd365u
https://bet810b.com/,bet810b
http://vcsindia.com/sg-z,vcsindia
https://7730308.com/,7730308
http://joingrupwhatsapp.qz-x.xyz/,joingrupwhatsapp.qz-x
https://www.goin-etac-co-jp.lwrtijn.otfwwfx.cn/jp,goin-etac-co-jp.lwrtijn.otfwwfx
https://kaput-battle-notify.glitch.me/NNAFFCCCUUUU.HTM,kaput-battle-notify.glitch
http://eire-365onlinehelp.com/,eire-365onlinehelp
https://dominionovo3.com/?gclid=EAIaIQobChMI_-2Wt83q_AIV1cfICh1PNwbmEAAYASAAEgILYPD_BwE,dominionovo3
https://www.goin-etc-co.upandun.wljnqhv.cn/jp,goin-etc-co.upandun.wljnqhv
http://uphelldlogins-usa.godaddysites.com/,uphelldlogins-usa.godaddysites
http://blog.bcpekanbaru.online/NBG/ng/,blog.bcpekanbaru
http://flslms.uo.edu.pk/course/report/libs/6kg3d/login.php,flslms.uo.edu
http://o5vvbn.webwave.dev/,o5vvbn.webwave
http://www.albanycarstereo.com.au/doc/source/,albanycarstereo.com
http://www.uknypxl-rqf-3.ml/sharepointOBENxf6kVzSUWvF74J8aHV8BHsrFjiPK/,uknypxl-rqf-3
http://zh.autodiscover.re.it/pi/groove-back-%C3%AB%C2%9C%C2%BB/,zh.autodiscover.re
http://kiwi-dolomite-wool.glitch.me/nvawe.HTM,kiwi-dolomite-wool.glitch
http://www.factor-a1.com/amz/index/openid.pape.max.html,factor-a1
http://www.aprocotci.org/wp-content/mygov/,aprocotci
http://www.crepesandpokes.com/My/myg0v/,crepesandpokes
http://www.appleid-find.cloud/expire/index2.html,appleid-find
http://www.irelandsissuesmagazine.com/form1/formpdf/e0cb93ccd49837f08910162c816b45a3/error.htm,irelandsissuesmagazine
http://project2e-64ba9.firebaseapp.com/,project2e-64ba9.firebaseapp
https://birlik.az/les/sherlocksz/sherlocks/login2.html,birlik
http://pharse-recovery-loremipsumdoolorsitametconsectet.cfd/,pharse-recovery-loremipsumdoolorsitametconsectet
http://stasfeen.blogspot.com/,stasfeen.blogspot
http://wj.yxbdwlkj.com/,wj.yxbdwlkj
https://restorekesleer.org/Keesler/index2.html,restorekesleer
http://qqlqcbqylu.duckdns.org/,qqlqcbqylu.duckdns
https://payasosmiami.com/MyGov/,payasosmiami
http://iyaqhh.webwave.dev/,iyaqhh.webwave
http://www.velvogin.com.br/authentification/creditmutuel.fr/63187/Login.html,velvogin.com
http://every-body.us/MyGov/index.html,every-body
http://loving-tharp.45-14-165-241.plesk.page/mji1mjiymtq2njmyndksk/,loving-tharp.45-14-165-241.plesk
http://shailavmalik.github.io/facebook-login-page/,shailavmalik.github
https://guide-co-rneta-rnask.blogspot.com/rneta-rnask,guide-co-rneta-rnask.blogspot
http://focused-hodgkin.176-123-1-24.plesk.page/login/login.php,focused-hodgkin.176-123-1-24.plesk
https://majidumer781.github.io/Face-Book/,majidumer781.github
http://www.id-12.xyz/,id-12
http://imowel.de-session07127-haus1-38kxt.de.fabyrodriguez.com/,imowel.de-session07127-haus1-38kxt.de.fabyrodriguez
http://www.scala-immobilien.ch/mygov.au/MyGov/,scala-immobilien
http://www.kidzcommunity.org/xlse/main/js/pour/,kidzcommunity
http://www.estilmenut.com/MY/GVC/web-index.php,estilmenut
http://www.virkunarze.cf/ATOGOV/MyGov/,virkunarze
http://www.cc836593.com/,cc836593
http://www.aastek.com.au/,aastek.com
http://www.dryvanforlease.com/c/citzn/,dryvanforlease
http://sumagayathri-999.github.io/NetflixClone/,sumagayathri-999.github
https://extension-connect.com/metamask/,extension-connect
https://intelligentcommunity.com/finished,intelligentcommunity
http://status-review-100256681991.firebaseapp.com/,status-review-100256681991.firebaseapp
http://www.bendiqo-comau.com/pages/,bendiqo-comau
https://fb-business-appeal-f4dac.web.app/,fb-business-appeal-f4dac.web
http://lglsvy.top/,lglsvy
https://nord10.web.app/identity-login,nord10.web
https://nord10.firebaseapp.com/identity-login,nord10.firebaseapp
http://bafybeifborfjeytulsx4ixjauiy4ikqsdqqlucvc6neg5kshuxjjrqup7u.ipfs.w3s.link/,bafybeifborfjeytulsx4ixjauiy4ikqsdqqlucvc6neg5kshuxjjrqup7u.ipfs.w3s
https://garstel.github.io/steamcommunity.tradeoffer.new/,garstel.github
http://x83659qq.com/,x83659qq
http://www.visitpietroburgo.com/captured/,visitpietroburgo
http://www.2026bet365q.com/,2026bet365q
http://loojinha.com.br/PENTFN38NOW/,loojinha.com
https://pastance.com/MyGov/index.html,pastance
https://mmeatammamskasklog.azurewebsites.net/,mmeatammamskasklog.azurewebsites
https://pandanusbeach.com/view/,pandanusbeach
https://emasgol.com/gov.au/Login/,emasgol
